reply_forum_id,reply_id,reply_layer,reply_time,reply_user_id,reply_content,reply_number_of_words,original_post_id
376363,3940132,9,2014/3/26 9:52,1,可以，看个人资料里面。你是说要建地方分版是么？,23,4575904
376367,3940441,4,2014/3/26 11:15,1,20人，才吃1300多。也不多嘛。,17,4575904
376479,3941938,2,2014/3/26 21:49,1,控制体重，多运动，控制饮食。? ?别的，我觉得应该没有别的吧。 还是时常测测血糖吧,41,3780969
376200,3944803,79,2014/3/27 22:51,1,戒不了的话，给每个在此帖跟帖的人100元。,21,4575904
177716,3950798,248,2014/3/30 23:20,1,今天坐公交，旁边是一中学生模样的孩子，拆开一袋巧克力，很快就吃了一大半。 我提醒道：小盆友，吃多巧克力并不好。 那孩子仰起头说，阿姨，你知道吗？我太公今年103岁了。 我惊讶：是因为多吃巧克力的原因吗 那熊孩子：不是，只是因为他从不管闲事。,120,4290840
373917,3952372,34,2014/3/31 17:47,1,友好协商解决问题，不过53元50张，也是市场价。你也别动气。,30,4323988
377626,3962194,3,2014/4/4 14:02,1,多谢提醒，价格太低，效期太好还有瓶子底部没有onetouch标志，让人怀疑。 如何鉴别真货参考： http://bbs.tnbz.com/thread-377082-1-1.html,91,3780969
177716,3965739,249,2014/4/5 21:46,1,其实东北人是最有礼貌的，因为他们做任何事之前都要征求对方的意见。 例如: 1.我削你，你信不？ 2.我就骂你了，咋地吧？ 3.我TMD能整死你，知道不？ 4.我又给你脸了，是不？ 同时，东北人做任何事前还都先让着对方。例如：你动我一下试试？,120,4290840
377753,3965762,54,2014/4/5 21:53,1,不知道怎么安慰你好。??似乎是可以治疗的吧。 祝过好每一天。,30,4579070
378347,3976009,9,2014/4/10 13:05,1,吸烟似乎好处极少，可能让你的糖尿病治疗打很大折扣。,25,4290840
377871,3976047,59,2014/4/10 13:17,1,这话应该是我写的吧。 饮食治疗是糖尿病治疗的基础。??对此应该没有多大异议。 部分词句理解，各人不一样吧。??论坛本来就是让大家讨论的地方。,70,4323988
378622,3981308,9,2014/4/12 10:25,1,不偷不抢，你情我愿，那就羡慕吧，呵呵。,19,3780969
378671,3982153,6,2014/4/12 16:45,1,吃粗粮有好处，不过靠之治愈也不靠谱。 患者若只是餐后血糖比较高，餐后运动 ，或者吃粗粮，都有助于降低餐后血糖，有可能通过这两种方式将餐后血糖降到正常值，不过这显然不是治愈。,86,3780969
378718,3982985,8,2014/4/12 22:23,1,无非是花钱买的广告而已。,12,4323988
376543,3985754,22,2014/4/14 10:25,1,预祝聚会成功。,7,4290840
378891,3986143,3,2014/4/14 11:55,1,各地医院一般都有讲座。也欢迎大家把各地的讲座都能贴出来分享。,30,4575904
379272,3993028,3,2014/4/16 20:24,1,全好的标准是什么？？ 什么都能吃是什么意思？能放开量吃？,28,4323988
379440,3996442,28,2014/4/18 10:33,1,第一季很不错。期待第二季。,13,4575904
379157,3998310,22,2014/4/19 7:43,1, 控制饮食，多运动没错 北京市昌平区良庄西街,22,3780969
379789,4002541,39,2014/4/21 10:22,1,太他妈浪费水了！！！！！！,13,4575904
379944,4004680,2,2014/4/21 22:49,1,应该跪钉子。,6,4579070
380109,4007929,2,2014/4/23 9:55,1,哇，土豪金。,6,4575904
380250,4010653,2,2014/4/24 12:20,1,刚才是服务器被CC攻击了。昨天也发生过一次。也不知道谁这么无聊,31,4575904
380250,4010669,7,2014/4/24 12:29,1,攻击类型： 四层攻击： UDP洪水攻击? ?SYN洪水攻击? ?Ping洪水攻击? ?TCP连接攻击?? 七层攻击： HTTP Flood(CC攻击)?? 攻击IP： 111.137.124.134? ?111.129.147.177? ?111.129.153.123? ?111.129.151.133? ?111.131.124.124? ?111.131.117.149? ?111.128.134.181? ?111.131.120.136? ?111.123.214.205? ?111.119.166.177? ?111.119.151.192? ?111.117.160.197? ?111.119.145.118? ?111.119.148.211? ?111.117.172.201? ?111.117.173.136? ?111.122.167.157? ?111.119.195.212? ?111.113.213.204? ?111.113.177.200,441,4575904
380982,4023315,4,2014/4/29 21:43,1,厂家就是JY。。。 一般别人送礼谁会塞张发票里面呢。 多打打售后电话。,35,4575904
381014,4023913,2,2014/4/30 9:39,1,怎么联系你？？？？？，没急事要打板子的。,20,4628755
381012,4023924,3,2014/4/30 9:41,1,一直在调整和优化之中。,11,4575904
381462,4031129,3,2014/5/4 13:30,1,两个都有关系。罗氏笔的弹道设计比较合理，减少了震动。 罗氏采血针针头做了特殊处理。,41,4123227
381527,4032137,4,2014/5/4 18:25,1,http://bbs.tnbz.com/thread-381489-1-1.html 来测试这个体验更加。 移动APP。,60,3780969
166286,4035061,247,2014/5/5 22:22,1,泰尔茂的采血针是空心的。疼感比较小。,18,3780969
381823,4037948,10,2014/5/7 11:15,1,10来次就好了 来自安卓客户端,15,4123227
394825,4238614,10,2014/8/9 16:36,1,我喜欢吃鸡蛋羹，? ?煎鸡蛋其实也挺喜欢吃的，不过一般会放油，而我血脂不大好。,39,4123227
394830,4238617,3,2014/8/9 16:36,1,没听说过相关性，有怀疑的话，上医院化验下。,21,4575904
394912,4240981,3,2014/8/10 16:07,1,我觉得孩子想吃多少就吃多少，然后在匹配相应的胰岛素量，当然孩子若肥胖的话就要控制饮食量。 其余控制零食，控制饮料，饮食多样，保证营养。 我说的未必对，问问有经验的医生吧。,85,3780969
395212,4245389,7,2014/8/12 12:14,1,以前这种芯片解决两个问题：??试纸的校准码以及试纸的有效期。 现在可能有更好的解决方案。,44,4575904
395214,4245400,3,2014/8/12 12:18,1,嗯。??再说也难以控制到血糖跟正常人完全一样。 2型糖尿病很复杂，血糖高只是其一种表现而已。 胰岛细胞除了分泌胰岛素之外还分泌其他激素。,68,4123227
395222,4245693,10,2014/8/12 13:52,1,父母要坚强点。??既然得了，只有勇敢面对了。,22,3780969
395426,4249252,2,2014/8/13 18:01,1,多找几家医院，多听几个大夫的。,15,3780969
395430,4249253,2,2014/8/13 18:01,1,似乎没有这个副作用吧。,11,3780969
395497,4250505,2,2014/8/14 9:38,1,我记得1型糖尿病是不是有特殊照顾呀。你问问当地医保部门吧，各地的医保政策还不大一样。,42,3780969
395559,4251815,2,2014/8/14 16:34,1,阿卡波糖主要就是降低餐后血糖的。你可以试试。,22,3780969
395588,4252121,2,2014/8/14 18:31,1,人总是要死的。,7,4575904
395618,4253127,29,2014/8/15 8:01,1,先上照片，我再决定,9,4575904
394072,4255453,19,2014/8/16 5:42,1,带这么多，走私？？？？玩笑。? ?带过胰岛素笔。安检很容易过了。保险点开个医生证明吧,42,3780969
386734,4255454,58,2014/8/16 5:43,1,超市里面买的糖,7,4290840
395789,4257151,34,2014/8/16 19:17,1,长命百岁呢,5,4290840
395798,4257230,9,2014/8/16 19:58,1, 那是中国。若无管制，自无暴利,15,3780969
395734,4259780,10,2014/8/17 22:32,1,我问问这事吧。应该是会发的，几个针头没几个钱。 大公司有钱。 大家别急，有消息，我尽快告诉大家。,48,3780969
395964,4259820,4,2014/8/17 22:56,1,我也在烦恼这个问题，北京空气质量太差了。,20,4628755
372302,3858389,2,2014/2/26 14:50,24,只有云知道,5,4575904
372532,3858594,7,2014/2/26 16:01,24,血糖可以，“非常疲乏、容易累”是否吃得太少，身体不应太瘦。,29,3780969
372549,3858843,2,2014/2/26 17:23,24,很值得关注的问题。,9,4290840
372566,3859044,3,2014/2/26 18:23,24,多种疾病与空气、水质等的环境的恶化有关。,20,4290840
372495,3859373,15,2014/2/26 20:27,24, 是的，你空腹和餐后血糖都很高，能用泵是最好的，但费用高一点。,31,4575904
372495,3860232,17,2014/2/27 10:26,24, 知道。,4,4575904
372657,3860804,8,2014/2/27 14:35,24,医生诊断你有胰島素抵抗？如果服用二甲双胍后体重下降，应看医生换药。,33,4575904
372722,3861689,8,2014/2/27 19:00,24,你老号用户名是什么？,10,4123227
372758,3862693,6,2014/2/28 9:20,24,餐后两小时血糖的意义 http://www.tnbz.com/a/meter_zhi/2012/4788.html,57,3780969
372722,3862719,11,2014/2/28 9:29,24, “一直空腹7.5左右，餐后都正常”只要看医生调整一下用药，每年节前都去医院上胰岛素泵“调理”没有必要。,52,4123227
372775,3862725,2,2014/2/28 9:31,24,晚餐后2小时血糖5.3偏低了，睡前血糖测过吗？,23,3780969
372667,3862794,8,2014/2/28 9:48,24,你身高体重是多少，目前应查分型抗体，才能对症治疗控制。,27,4575904
372879,3864895,15,2014/2/28 21:51,24, 降糖药你每天达美康才1粒、格华止也只是1.5粒，用量较少。,30,3780969
372879,3864935,26,2014/2/28 21:59,24, 很好，用药减少、血糖正常，说明你的胰岛功能有了改善。,27,3780969
372912,3865667,3,2014/3/1 9:46,24,二小时血糖俏高一点，如果饮食的量标准就很可以了。,24,4323988
372918,3865674,2,2014/3/1 9:47,24,情绪对血糖有影响。,9,4628755
372918,3865699,4,2014/3/1 9:52,24, 不会飙升的，玩吧。,10,4628755
372898,3865738,4,2014/3/1 10:05,24,请咨询一下医生是否可将佳维乐改为二甲双胍。,21,4575904
372980,3867014,9,2014/3/1 19:22,24,他们“不用终生吃药”的概念就是你通过治疗控制，一生中有几天可以不用药，这就是不用终生吃药了。,46,3780969
372980,3867018,10,2014/3/1 19:27,24,"那一家正规医院的院长会这样亮相呢： 5.jpg (35.22 KB, 下载次数: 12) 下载附件 ?保存到相册 2014-3-1 19:26 上传",74,3780969
372980,3867018,11,2014/3/1 19:27,24,"那一家正规医院的院长会这样亮相呢： 5.jpg (35.22 KB, 下载次数: 12) 下载附件 ?保存到相册 2014-3-1 19:26 上传",74,3780969
372994,3867401,15,2014/3/1 21:47,24,可恶的骗子，让它充分表现吧！,14,4323988
372999,3867411,9,2014/3/1 21:52,24, 晚餐主食不应少于二两面粉的量。,16,4323988
372999,3867456,12,2014/3/1 22:04,24, 二两面粉是生的。,9,4323988
372999,3867506,15,2014/3/1 22:21,24, 是的，糖尿病人饮食控制主食每天不应少于250g（米或面粉的重量）。,34,4323988
372859,3867527,17,2014/3/1 22:28,24,餐后血糖高应服拜糖平，但拜糖平伤肝，转氨酶偏高不要服，看医生另用药吧。,35,4579070
373095,3869449,5,2014/3/2 20:33,24, 非磺脲类降糖药与磺脲类降糖药可以联合使用，但用得不合理就会低血糖，而且如果重复过量便用，会加速胰島功能的衰退。 一天一次格列本脲作基础量，餐后血糖偏高再用点那格列奈或瑞格列奈，这样用药的人也较多。,99,4290840
373095,3869463,6,2014/3/2 20:39,24, 在论坛上说“糖尿病的重要原因之一是因为负责分泌胰岛素的脾脏出问题了”那才是不负责任的行为。,46,4290840
373103,3869482,5,2014/3/2 20:49,24,尿蛋白+/-是应少吃豆制品，尿液中有少量小泡沫与尿蛋白+/-无关，但你应去医院复查个尿微量蛋白。,48,4323988
373112,3870240,2,2014/3/3 9:07,24,尿微量白蛋白比尿白蛋白更敏感、精确。,18,4290840
373181,3871416,6,2014/3/3 15:51,24,你现在身高体重是多少，医院糖化参考值是多少，现在每天用多少药。,31,3780969
373181,3871512,10,2014/3/3 16:23,24, 你的胰島功能恢复得很好，糖化你只偏高0.1问题不大。,27,3780969
373208,3871526,2,2014/3/3 16:27,24,你测一下睡前血糖是多少。,12,3780969
373208,3872320,9,2014/3/3 21:47,24, 半夜3点6点多、空腹6.4-6.8是黎明现象，晚二甲什么时间吃的，问题不大，看医调整一下用药。,48,3780969
373208,3872360,10,2014/3/3 21:59,24, 你只知道“早晚饭前吃0.5克的二甲肠溶片。空腹与餐后都OK”，不知说了多少回了，每个人的胰島功能不同，用药也不同的。,59,3780969
373112,3872504,4,2014/3/3 22:45,24, 尿蛋白定性+比尿微量白蛋白严重些，但如果你刚发现糖尿病，血糖长期偏高，通过治疗控制会好转的，饮食应少吃豆制品，蛋白质应选用优质动物蛋白。,69,4290840
373181,3872514,13,2014/3/3 22:54,24, 楼主查出糖尿病时空腹血糖都21.5了，不该去医院那去那里？！,31,3780969
373181,3872518,14,2014/3/3 22:59,24, 裸奔必须加强饮食控制和运动，你血糖和体重也必须保持正常，如果做不到就应该用药。,40,3780969
373112,3872526,8,2014/3/3 23:10,24, 禽蛋类（蛋黄、内脏除外）和鱼、虾类就是优质动物蛋白。,27,4290840
373112,3873789,10,2014/3/4 14:48,24, 你好，尿蛋白是微量问题不大，努力控制，争取早曰逆转。,27,4290840
373286,3873903,5,2014/3/4 15:14,24, 尿常规检查能确定微量很不错了。,16,4575904
373355,3874332,2,2014/3/4 17:04,24,越歪越好，吹喇叭气足！,11,4575904
373112,3874931,12,2014/3/4 21:15,24, 大家都是这样过耒的。,11,4290840
373390,3874962,6,2014/3/4 21:35,24, 很好，24h尿总蛋白在参考值内，微量蛋白为0。,24,3780969
373112,3875010,14,2014/3/4 22:07,24, 病人就是患者，怎能是医生呢,14,4290840
373395,3875090,2,2014/3/4 22:43,24,二甲缓释片虽作用时间比二甲肠溶片长，但餐后短吋间内的降糖作用弱了，所以餐后血糖偏高了，餐后血糖偏高又影响了空腹血糖。,58,4290840
373376,3875107,16,2014/3/4 22:52,24,“连续3个晚饭后低血糖”用药没有改变吧，早、午餐后血糖正常吗？ 你明天再测一下晚餐前和餐后血糖。,48,4575904
373376,3875114,17,2014/3/4 22:59,24,人家咨询病情，没有什么玩笑可开，灌水请去杂谈版。,24,4575904
373395,3875116,6,2014/3/4 23:04,24,  剂量没有改变吧，肠溶是短效，单位时间内的降糖作用比缓释片強，特别是餐后血糖。,40,4290840
373504,3877532,2,2014/3/5 19:34,24,应参考检测医院报告单值。,12,3780969
373533,3878366,8,2014/3/6 9:01,24,主要还是食物吸收的问题，但食物吸收过快与过慢都不好。,26,3780969
373617,3880170,13,2014/3/6 17:09,24,老虎理应从小就打，为什么早该打时就没人打？,21,4575904
370055,3880542,18,2014/3/6 19:16,24, 套上小笔帽，再按上筆套。,13,4323988
373617,3880855,16,2014/3/6 21:19,24, 成为大老虎后就很难打了。,13,4575904
373662,3881420,16,2014/3/7 8:36,24,“一天三次，每次两颗”多少mg？,16,4323988
373662,3882313,20,2014/3/7 13:16,24, 那每天3g了，加強餐后血糖监测。,17,4323988
373708,3882351,9,2014/3/7 13:32,24,谷丙转氨酶很高了，原来正常的？,15,4579070
373687,3882379,8,2014/3/7 13:54,24,祝女糖友们节日快乐！,10,3780969
373642,3885023,24,2014/3/7 21:09,24,运动可在餐后半小时后进行，而且是必须的，不能因为血糖低而不运动，血糖偏低应减少用药量。,43,4575904
373799,3885037,3,2014/3/7 21:14,24,糖尿病人餐后应有氧运动，尽量做到不出汗、少出汗，运动的量可慢慢适应，慢慢增加。,39,4323988
373376,3885114,31,2014/3/7 21:20,24, 打诺和锐还吃诺和龙？速效胰島素+速效促泌剂，用药不合理！,29,4575904
373788,3885151,4,2014/3/7 21:29,24,见你在打来得时+诺和锐， “第一天一顿肯德基 第二天来了顿烤肉”也不至于第4天餐后2小时血糖还会15.5的，可能你平时的血糖也不正常，你应加强空腹和三餐后二小时血糖的监测，必要时还应监测餐前是否有低血糖。,102,4575904
373915,3890218,10,2014/3/8 20:17,24,目前在吃什么药？,8,4575904
373887,3890225,4,2014/3/8 20:20,24,空腹今天6.2很正常，只要在7以内就可以了。,22,3780969
373997,3892047,7,2014/3/9 13:01,24,你身高体重是多少，应对症用药。,15,4575904
373959,3892070,7,2014/3/9 13:08,24,加餐应看血糖，血糖偏高就不应加餐。,17,4579070
373997,3892572,19,2014/3/9 16:15,24, “吃艾可拓、二甲、诺和龙，餐后基本正常”，你应根据睡前血糖再选用药物控制空腹血糖。,42,4575904
341070,3892582,6,2014/3/9 16:19,24,“空腹老是6左右”很好了。,13,4290840
374058,3893222,7,2014/3/9 20:28,24,“胰岛功能很差、尿蛋白++”应该注射胰島素，你母亲身高体重是多少？如果身体不很肥胖比格列酮可以不用。 早24中10晚26量很大了，最好改为三餐时各打速效诺和锐，睡前打中、长效胰島素，血糖就容易控制了，胰島素用量也可减少。,110,4123227
374058,3893425,13,2014/3/9 21:19,24, 你好，你母亲身体偏胖点，饮食控制适当注意点，尿蛋白只有努力控制好病情，注射胰島素最安全。 你母亲现在每天注射诺和锐30达60U，而控制三餐后血糖的速效只有18U，另42U中效重叠使用，应该改为三速一长，其体剂量请咨询医生。,112,4123227
374062,3893435,3,2014/3/9 21:23,24,你每天二次30R吧，午餐可看医生加颗拜糖平。,22,4628755
374189,3896583,8,2014/3/10 21:21,24,延缓餐后高峰怎么不能降糖。,13,3780969
374256,3897680,8,2014/3/11 10:32,24, 你的餐后血糖有变化吗，睡前血糖测过吗？,20,4323988
374254,3897720,19,2014/3/11 10:40,24,饮食控制首先应控制食物的总热量，其次是食物的升糖指数，就是吃后血糖上升的快慢，自己应摸索掌握，这是最基本的知识。,56,3780969
373997,3899827,22,2014/3/11 22:24,24, “半夜三点测了下7.7，第二天空腹6.5”空腹还是下降了，你最好应测一下晚餐后二小时和睡前血糖。 身体肥胖二甲双胍是首选，餐后血糖可服用诺和龙控制在8左右，空腹血糖偏高睡前可再加服一次二甲双胍，如果空腹血糖还偏高，应考虑继续注射长效胰島素。 原来血糖正常一般不需要改变用药。,138,4575904
374355,3899835,4,2014/3/11 22:27,24,医生给你开了来得时没告诉你注射时间和剂量？,21,3780969
374273,3900774,16,2014/3/12 10:29,24,哈磁杯还记得吗，当时基本上人手一个,17,4323988
374392,3900807,3,2014/3/12 10:39,24,"这么个东西你自己能知道里面有硬点？ 眼球的结构.JPG (47.59 KB, 下载次数: 0) 下载附件 ?保存到相册 2014-3-12 10:38 上传",78,4575904
374462,3902047,3,2014/3/12 16:04,24,二甲双胍是二型患者的首选用药，服二甲后餐后血糖稍偏高可加服伏格列波糖。,35,3780969
374475,3902653,10,2014/3/12 19:08,24,空腹和餐后C-肽参考值都是0.6-3.4，最近见到好多报告是这样的,33,3780969
374501,3902731,3,2014/3/12 19:36,24,如果血压长期偏高还是看医生用点ARB类沙坦药，对肾也有保护作用。,32,4290840
374531,3903237,4,2014/3/12 22:21,24,二甲双胍--格华止初服是有胃肠道反应，适应后就会好转的，如果你身体偏胖用二甲好。,40,3780969
374534,3903250,4,2014/3/12 22:26,24,饮食控制和运动尽量定时定量，餐前血糖的变化也是原因。,26,3780969
373997,3903697,24,2014/3/13 8:38,24, 那就很好了，今天空腹测了吗，如果能在7以内也就可以了，服二甲只要体重能保持正常就行。,43,4575904
374534,3903812,20,2014/3/13 8:57,24, 迪沙是短效促泌剂，降糖作用很強，你迪沙三餐前各服一次？ 血糖偏低应看医生减少用药量，换不换二甲应看你身体的胖与瘦。,58,3780969
374531,3903831,7,2014/3/13 9:00,24, #5帖子可以参考，改用肠溶片后可减小胃部反应。,24,3780969
374534,3903986,23,2014/3/13 9:25,24, 中午不吃血糖能正常？ 你身体偏胖应该服点二甲双胍，并减少格列吡嗪的量。,36,3780969
374541,3904070,11,2014/3/13 9:36,24,“胰岛素怎么达到42，正常范围是2.6-11.1”说明对胰島素的敏感性下降，应加强以减肥为重点地饮食控制和运动，并建议测个吃二两面粉量馒头的餐后二小时血糖。,78,3780969
374543,3904087,4,2014/3/13 9:38,24,骗人的东西！,6,3780969
374534,3904266,26,2014/3/13 10:03,24, 你服的是格列吡嗪缓释片？换成二甲应防止餐后血糖偏高。,27,3780969
374541,3904276,14,2014/3/13 10:05,24, 是二两生面粉做的馒头。,12,3780969
373997,3905377,26,2014/3/13 14:45,24, 体重指数超过30应该服二甲双胍，运动不宜过份激烈，体重就是下不来饮食控制注意点。,41,4575904
374675,3906165,3,2014/3/13 18:37,24,有用做的人应该很多了，论坛上没人做吧。,19,3780969
374534,3906625,34,2014/3/13 22:00,24, “二甲不是专门管餐后的”，降餐后血糖作用比格列吡嗪弱。,28,3780969
374534,3906652,36,2014/3/13 22:12,24, 你身体偏胖可以服二甲双胍，如果餐后血糖偏高应看医生另用药控制。,32,3780969
373997,3906757,30,2014/3/13 23:08,24, 年轻运动可以加强一些，运动对餐后血糖有控制作用，对空腹作用不大，身体肥胖二甲你应该吃，其体吃多少应看血糖。,54,4575904
374895,3911017,19,2014/3/15 13:14,24,如果身体偏胖二甲双胍应该服用，可减少胰島素的用量。 “诺和灵30R早上22”你应加强早餐后2h、午餐前和午餐后2h血糖监测。 “晚饭后2H基本是10左右”如果晚餐前血糖正常，可增加晚餐时30R2u。,99,4290840
374894,3911036,11,2014/3/15 13:32,24, 每次都拔针头注射时必须先排气，直至针尖有胰島素溢出。,27,4628755
374894,3911037,12,2014/3/15 13:34,24, 不用拔针头，也不需要消毒，注射后套上白色小帽就行。,26,4628755
374894,3912431,18,2014/3/15 22:41,24, 我是不拔针头、也不消毒，如果你能按说明书做就更好了。,27,4628755
374895,3912433,23,2014/3/15 22:44,24, 晚餐前血糖偏高就应查偏高的原因，首先应查午餐后二小时血糖是否也偏高。,35,4290840
374969,3913630,5,2014/3/16 13:03,24,如果你用诺和胰島素可打800 810 2299免费电话联系。,30,4575904
374995,3913634,4,2014/3/16 13:06,24,胰岛素的基础量应根据你的胰島功能由医生决定。,22,4579070
374967,3913656,6,2014/3/16 13:18,24,“没吃药”你药全停了？ 空腹都在6.0到6.5之间很好，三餐后二小时血糖是多少？ 目前应加强血糖监测，防止血糖变化。,58,4575904
375230,3917923,2,2014/3/17 21:19,24,血糖很正常嘛。,7,3780969
375230,3918545,38,2014/3/18 8:45,24, 您现在血糖很正常，如果餐后偏高是停迪沙的原因。,24,3780969
375249,3918574,4,2014/3/18 8:52,24,紫红色的那种笔我也用过，没有出现你的情况，经常更换注射部位，注射后按压一段时间，如果漏液多应补打，如果用5mm的针头可改用8mm试试。,67,4575904
8277,3922173,9,2014/3/19 11:27,24, 你靠饮食控制和运动血糖正常就可以不用药。,21,4323988
375385,3922745,6,2014/3/19 14:57,24,一种注射、一种口服，没有见过联合用药的吧。,21,3780969
375561,3924504,4,2014/3/20 9:02,24, 这主要是由你自身的胰島功能决定的。,18,4575904
375561,3924650,15,2014/3/20 9:26,24, 你平时经常这样还是偶然的，如果经常这样只有提前长效胰島素注射的时间。,35,4575904
375561,3924828,18,2014/3/20 9:55,24, 你早午餐后血糖正常吗，“晚餐后是5.4睡前11点左右血糖却是9.7”你先测一下晚餐后3小时是否有低血糖。,53,4575904
375566,3924908,9,2014/3/20 10:13,24,"“左手手背上有两个很小的类似水泡的硬疙瘩,1个半小时以后逐渐恢复”经常这样？你胰岛素注射在什么部位？",50,4628755
375566,3924913,10,2014/3/20 10:14,24, 原来是偶然的。,8,4628755
375566,3925004,18,2014/3/20 10:36,24, 这不象是胰島素过敏。,11,4628755
375385,3926396,16,2014/3/20 17:24,24, 你好，利拉鲁肽是一种人胰高糖素样肽-1（GLP-1）类似物，是一种内源性肠促胰岛素激素。 西格列汀是一种治疗2型糖尿病的DPP-4抑制剂，在2 型糖尿病患者中可通过增加活性肠促胰岛激素的水平而改善血糖控制，作用基本相同。,111,3780969
375651,3926404,3,2014/3/20 17:26,24,低血糖比高血糖危害更大。,12,4323988
375663,3926546,5,2014/3/20 18:19,24,脂肪分解的过程中，会出现尿酮，饥饿、呕吐时也会出现尿酮。,28,4290840
375676,3926817,7,2014/3/20 20:15,24,控制基本达标降糖药不需要增加了，如果让你加服点辅助用药也有可能。,32,3780969
375676,3927100,14,2014/3/20 21:57,24,  “晚上血糖都7以上7.8以下”如果是晚餐后二小时就很好了，关键是医生让你加服什么药。,44,3780969
375686,3928334,4,2014/3/21 12:29,24,胰岛素、C肽高峰在2h，你是吃什么东西测试的，量是多少，血糖又是多少？,35,4579070
375846,3930007,2,2014/3/21 21:11,24,主要降糖药必须定时服用。,12,3780969
375878,3930983,8,2014/3/22 10:53,24,糖尿病人只需3个月测一次糖化血红蛋白， 没有必要每半个月测一次糖化白蛋白(糖化血淸蛋白)。,45,3780969
375878,3931756,12,2014/3/22 16:14,24, 你好，体检中是不测糖化血红蛋白的。,18,3780969
375915,3931781,11,2014/3/22 16:23,24,“空腹4点多，餐后7左右”血糖控制得很好为什么要换药呢？ 如果胃部不适才应换肠溶片，每餐0.25睡前还应加服一次，才达到原来1g的量。,67,4575904
375960,3932832,5,2014/3/23 10:20,24,你的“全新疗法”如果真的有效用的人应该很多了，没有什么可宣扬的。,32,4575904
375958,3932862,8,2014/3/23 10:33,24,一次血糖不能说明什么问题，如经常餐前血糖偏高，只能说明你基础胰島素分泌不足？,38,4323988
375997,3933353,17,2014/3/23 15:48,24,空腹>7，餐后2h>11.1，血糖正常 但不知你饮食的量是否标准。,33,3780969
376002,3933409,7,2014/3/23 16:12,24,每天42U不是很大。,10,4628755
375997,3933416,31,2014/3/23 16:15,24,医生诊断你什么？,8,3780969
375997,3933617,44,2014/3/23 18:39,24,“控制饮食，加强运动”你目前要做的就是这两条。,23,3780969
376113,3936235,53,2014/3/24 16:41,24,恭喜！贺喜！,6,4575904
376102,3936242,11,2014/3/24 16:45,24, 肠溶片在小肠分解，可减小胃部反应。,18,3780969
376178,3936916,2,2014/3/24 21:38,24,早餐后二小时血糖4.5低了，平时如果也这样低就应对用药减量了。,31,4575904
376309,3939360,3,2014/3/25 20:26,24,锐30午餐只是中效控制，所以午餐后血糖偏高很普遍，而且早、午餐之间容易低血糖，午餐后血糖偏高只有看医生增加口服药。,57,3780969
376317,3939438,3,2014/3/25 20:59,24,你的测试不完整，而且停药时间短，不能全面分析自身的胰島功能，其实从你平时用药量和血糖控制就可大致知道胰島功能。,55,3780969
376327,3939552,3,2014/3/25 21:38,24,1型糖尿病GAD、ICA和IAA抗体是阳性，2型糖尿病抗体大部份是阴性，但有一类成人晚发一型糖尿病（LADA），早期抗体是阴性，后发展为GAD阳性。?,75,3780969
376317,3939583,8,2014/3/25 21:48,24, 空腹血糖只偏高0.39，从什么地方可看出“空胰岛素受损严重”？,32,3780969
376330,3939604,5,2014/3/25 21:56,24,一天三针速效是三餐前注射的？空腹血糖正常吗，如果单是“餐后血糖控制不是很好”一般可增加速效的量。,48,4123227
376317,3939700,12,2014/3/25 22:43,24, 可能你是对的，不知你的“空腹状态的胰岛素敏感度”计算方法出自那里？,34,3780969
376330,3939727,8,2014/3/25 22:58,24, 餐后“都在10朝上”你增加1U速效也不至于低血糖吧，餐后血糖下降后空腹血糖也会改善。,43,4123227
376317,3939775,15,2014/3/25 23:30,24, 你不应编辑贴子。,9,3780969
376317,3939779,16,2014/3/25 23:38,24,"空胰岛素受损严重.JPG (36.95 KB, 下载次数: 2) 下载附件 ?保存到相册 2014-3-25 23:38 上传",63,3780969
376353,3940103,6,2014/3/26 9:47,24,预混胰岛素每天53U“血糖老是不稳定”，有条件应考虑三短（速）一长了。,35,4123227
376327,3940141,14,2014/3/26 9:53,24,应综合分析，LADA早期吃药也有效的。,19,3780969
376317,3940196,22,2014/3/26 10:04,24, 胰岛素分泌还是在参考值内，谈不上”空胰岛素受损严重”。,28,3780969
376317,3940309,24,2014/3/26 10:36,24, 你这样说就对了。,9,3780969
376534,3943338,4,2014/3/27 14:05,24,“感觉应该是低血糖造成的”血糖怎么能凭感觉呢？ “饭后运动后血糖一直保持在6。7。8左右”一方面减胰島素，三餐再加阿卡波糖，有这样调整的吗。,70,4579070
376533,3943354,7,2014/3/27 14:10,24,早餐后血糖10.你空腹血糖正常吗？ 如果空腹血糖正常，饮食和运动没有大的改变，你可早餐时加服一片拜唐平试试。,54,3780969
376535,3943380,7,2014/3/27 14:20,24,糖化4.8% 餐后7.6/2小时你血糖控制得很好，血压偏高一点，原来正常吗？微量蛋白64mg原来正常？,51,4575904
376440,3943405,8,2014/3/27 14:26,24,三餐注射短效胰岛素，那一餐血糖偏低就减那一餐的量，你晚餐减掉以后餐后二小时和睡前血糖是多少？,46,4123227
376533,3943424,13,2014/3/27 14:35,24, 空腹血糖也应该测，如果空腹血糖偏高餐后也会变化。 “换早饭”怎么换？早餐主食一两(米或面粉的量)，还可吃一个鸡蛋，再吃点蔬莱。,64,3780969
376555,3943433,4,2014/3/27 14:40,24,你饮食控制和运动做好了吗？,13,4575904
376534,3944251,20,2014/3/27 19:45,24, 你早上空腹基本7。8。9左右，“自我感觉”应该是低血糖造成的，你首先应弄清是否真正发生低血糖。,48,4579070
376533,3944278,17,2014/3/27 19:57,24, 你明天测一天三餐前和后二小时及睡前七次血糖，再看情况。,28,3780969
376535,3944289,14,2014/3/27 20:01,24, 可以，血压应控制在130-80以内。,19,4575904
376440,3944302,13,2014/3/27 20:05,24, 你的胰島素用量较少，一般可以看医生改用口服药。,24,4123227
376535,3944329,16,2014/3/27 20:14,24,  你稍偏高一点，“上压135，下压90”是什么时候测的，血压隨时有波动，你每天应多测几次，再看情况。,51,4575904
376598,3944416,8,2014/3/27 20:44,24,你还是看医生改用一天一次长效胰島素，餐后血糖偏高再用点口服药吧。,32,3780969
376440,3944998,18,2014/3/28 8:13,24, 那是，要孩子应该注射胰島素。,15,4123227
376631,3945039,5,2014/3/28 8:27,24,阿卡波糖片每餐一粒对餐后血糖应该有所下降。,21,3780969
376629,3945230,11,2014/3/28 9:21,24,应防止凌晨低血糖。,9,3780969
376681,3945706,2,2014/3/28 11:26,24,空腹血糖相同吗？,8,4290840
376665,3945728,4,2014/3/28 11:33,24,血糖偏高点，你打什么胰島素，一天几次每次多少？ 打胰岛素就不用吃格列本脲了，而且格列本脲副作用较大，用的人很少了。,57,4575904
376723,3946622,6,2014/3/28 17:16,24, 脂肪、蛋白质都升糖慢。,12,4575904
376733,3946624,2,2014/3/28 17:16,24,这个热量不高。,7,3780969
376733,3946647,6,2014/3/28 17:22,24, 你不能光吃这个，这个只是蔬莱，主食、脂肪和蛋白质也应按比例吃的。,33,3780969
376759,3947141,3,2014/3/28 21:16,24,糖尿病人有多汗症。,9,4575904
376758,3947153,6,2014/3/28 21:24,24,晚餐后血糖9-.10.5之间徘徊，波动不是很大，如果餐前血糖正常，饮食和运动没有大的变化，只有调整用药。,52,4579070
376755,3947156,6,2014/3/28 21:28,24,你明知吃多了怎么能说“血糖不稳”呢。,18,3780969
376802,3947629,2,2014/3/29 9:32,24,“调整饮食，严格注意。加强运动”这也是治疗。,22,4575904
376835,3948055,6,2014/3/29 12:43,24,你中午吃一片拜糖平，或可增加R的量1-2U。,22,3780969
376835,3948064,8,2014/3/29 12:48,24,你“早晚各r30 8个单位！中午r4个单位”用药不合理，应该早、午餐各打R分别控制餐后血糖，晚打30R兼顾空腹血糖的控制。,61,3780969
376837,3948070,2,2014/3/29 12:51,24,黄连素不是正规降糖药。,11,4628755
376836,3948074,4,2014/3/29 12:56,24,你的测试不完整，医生也只有猜猜,15,4290840
376836,3948105,7,2014/3/29 13:17,24, 这是出院时做的化验？,11,4290840
376891,3949052,2,2014/3/29 21:34,24,这是你的博客？,7,4575904
376887,3949111,4,2014/3/29 21:48,24,餐后运动是必须的，二甲双胍缓释片对餐后血糖控制作用较弱，所以应加优必林预混，但应防止午夜、凌晨低血糖。,51,4290840
376893,3949114,2,2014/3/29 21:50,24,打诺和灵30R睡前4.8需要加餐。,17,3780969
376887,3949162,7,2014/3/29 22:01,24,打诺和灵30R早、晚餐是30%短效控制，阿卡波糖一般不需服用，只有午餐后血糖偏高，才应加点口服药。,49,4290840
376882,3949212,3,2014/3/29 22:16,24,"胰岛素注射部位： 胰岛素注射部位.JPG (19.21 KB, 下载次数: 1) 下载附件 ?保存到相册 2014-3-29 22:16 上传",71,3780969
376911,3949515,3,2014/3/30 8:48,24,昨天一有烦恼就请教上帝？,12,4579070
376911,3949537,8,2014/3/30 9:01,24, 没有上帝的，全靠自己努力。,14,4579070
376911,3949552,11,2014/3/30 9:06,24,信了就低了,5,4579070
377004,3950914,4,2014/3/31 8:16,24,诺和灵30R中控制餐后血糖的30%短效R注射后30分钟起效，所以要求餐前30分钟给药，但其体还应看胰島素的作用时间与用餐后血糖峰值是否吻合。,70,4290840
377003,3950919,3,2014/3/31 8:19,24,适时能将饭后血糖控制最好。,13,4290840
376988,3950945,4,2014/3/31 8:38,24,二型患者通过注射胰岛素，自身的胰岛功能得到部份恢复，有些人可不用药靠饮食控制和运动使血糖控制正常，这就是二型患者的“蜜月期”。,63,4323988
377409,3957831,9,2014/4/2 20:53,24, 晚餐后二小时争取控制在10左右，空腹7左右就很好了。,27,4575904
377409,3957890,12,2014/4/2 21:11,24, 晚餐后血糖对空腹血糖有一定的影响，如果晚餐后血糖正常空腹血糖偏高，还应查睡前和凌晨二时的血糖。,48,4575904
377446,3958500,2,2014/4/3 8:48,24,说明你基础胰島素分泌不足。,13,4575904
377446,3958739,18,2014/4/3 10:07,24, 可能是餐时胰岛素分泌不足。,14,4575904
377545,3960162,2,2014/4/3 18:55,24,见你治疗方案运动，体检能过关就行。,17,4575904
342707,3960626,20,2014/4/3 21:43,24, led是发光二极管，没有用的。,16,3780969
377553,3961191,18,2014/4/4 9:09,24,长秀霖甘精胰岛素降餐后血糖作用较弱，你“血糖餐后18”首先应该使用短效药控制好餐后血糖，单增加长效胰島素的量是控制不了餐后血糖的。 而且你身体肥胖，应在饮食控制和运动的基础上加服二甲双胍，供你参考。,99,4323988
377553,3961207,20,2014/4/4 9:16,24, 长效胰島素并不都是晚上睡前打，应根据患者的胰島功能合理使用。,31,4323988
377581,3961212,2,2014/4/4 9:19,24,很好！尿肌酐偏低一点没有问题的。,16,3780969
376990,3961247,4,2014/4/4 9:26,24,左侧麻木部位很多，应看医生查清原因对症治疗，你不要乱说！,28,4575904
377684,3963672,7,2014/4/4 22:19,24,注射胰岛素饮食控制和运动必须要加強，必要时看医生加服二甲双胍，并可减少胰岛素的用量。,42,4290840
377871,3967221,13,2014/4/6 19:45,24,论坛各版的版规并不都是版主订的。 但糖尿病人控制病情首先是饮食控制，再是运动，如果血糖还偏高就应该用药。 所以“糖尿病需控制饮食，宣称不必控制饮食必是骗子”并没有错，你真的连控制饮食都不知？,95,4323988
377883,3967312,4,2014/4/6 20:42,24,糖精是没什么热量的。,10,4575904
377871,3968202,40,2014/4/7 10:32,24,怎么控制你不懂？ 根据身高体重计算每天应摄入的总热量，再做好碳水、脂肪和蛋白质按比例合理搭配，这是最基本的知识了。,57,4323988
377928,3968228,3,2014/4/7 10:39,24,你是打速效诺和锐？餐前什么时候打的？,18,4575904
378101,3971400,4,2014/4/8 16:21,24,哈，楼上各位都是一支笔用一个针头，我也一样，特充比笔轻，携带方便，就是使用成本高些。,42,4123227
378083,3971418,9,2014/4/8 16:26,24,你目前用什么药，一天多少剂量，根据你的身高体重应该服点二甲双胍。,32,4575904
378083,3971758,18,2014/4/8 18:13,24, 格列奇特是中效促泌剂，一般应早、晚餐前半小时服用，你早餐后二小时血糖正常吗？ 你可以在服用二甲双胍的基础上注射胰岛素。,60,4575904
378140,3972172,3,2014/4/8 21:53,24,都高中了，还提出这样幼稚的问题，你应学习一下饮食控制的基本知识。,32,4290840
378141,3972191,4,2014/4/8 22:02,24,D_3羟丁酸高说明你有酮体，尿素氮是肾功能指标，你原来正常吗？,31,3780969
378139,3972196,3,2014/4/8 22:06,24,糖尿病改变了你不良的生活习惯，继续努力。,20,4323988
378141,3972749,13,2014/4/9 9:09,24, 你目前血糖和糖化血红蛋白正常，如果有怀疑可测胰岛功能。,28,3780969
378333,3975710,3,2014/4/10 11:00,24,生化血糖下降了1.5，你饮食控制了吧，4.7在那里测的？,28,3780969
378462,3977806,4,2014/4/11 8:43,24,"向红丁：血糖控制目标.jpg (42.05 KB, 下载次数: 3) 下载附件 ?保存到相册 2014-4-11 08:42 上传",65,3780969
378460,3977848,20,2014/4/11 8:52,24," “182高,140斤”请咨询医生是否可改用长效促泌剂格列美脲。",32,4579070
378462,3977866,10,2014/4/11 8:55,24, 可以，现在血糖控制范围放宽点了。,17,3780969
378460,3979428,28,2014/4/11 16:43,24, 达美康缓释片也可以。,11,4579070
37166,3979439,1016,2014/4/11 16:46,24,  那是07的用药，现在三餐诺和锐，睡前来得时了，血糖正常。,30,4579070
378919,3988713,3,2014/4/15 10:28,24,你打什么胰岛素？二甲降餐后高血糖作用较弱，你降餐后血糖主要还是拜糖苹的作用，如果效果不好，可看医生改用小剂量诺和龙。,58,4579070
378914,3988748,6,2014/4/15 10:38,24,诺和锐50加到18早、午餐后血糖都能控制正常？ “晚上晚餐注射6各单位，测餐后血糖偏低”你首先应测一下晚餐前血糖是多少。,60,3780969
379131,3990741,5,2014/4/15 23:22,24,可去正规医院的神经科检查一下。,15,4290840
379136,3990749,3,2014/4/15 23:33,24,你是注射速效诺和锐？饮食控制和运动必须定时定量，如果经常低血糖就应对胰岛素减量。,40,3780969
379136,3991321,15,2014/4/16 10:40,24, 那就做好饮食定量、餐后运动。,15,3780969
379233,3992516,4,2014/4/16 16:32,24,用到“重组甘精胰岛素”你一定不信邪！,18,4575904
379192,3992559,6,2014/4/16 16:46,24,二甲双胍一天服几次，测一下睡前血糖是多少。,21,3780969
379192,3992988,15,2014/4/16 20:03,24, 空腹血糖测得晚血糖也会偏高。,15,3780969
379293,3993468,3,2014/4/16 22:54,24,你同时分别测同一个手指也不会相同的,17,4290840
379327,3994024,2,2014/4/17 10:03,24,扶他林不能长用，如果是骨病应摄个X片。,19,4579070
379328,3994043,2,2014/4/17 10:08,24,你身体是偏瘦了，应将二甲改为其也药物，如格列美脲、达美康缓释片之类。,34,4323988
379327,3994177,9,2014/4/17 10:33,24,应该查清原因才可对症治疗，千万别看中医！,20,4579070
379334,3994196,7,2014/4/17 10:36,24,胃不舒服可改用二甲双胍肠溶片，肠溶片在小肠分解可减轻胃部不适。,31,4579070
379337,3994452,7,2014/4/17 12:08,24,“常有头昏现象（血糖2.7）”发生在什么时间？,23,4579070
379339,3994464,10,2014/4/17 12:14,24, 如果你血糖控制正常就不必做了。,16,3780969
379337,3994498,10,2014/4/17 12:34,24, 早上饭后两小时后低血糖应减早餐瑞格列奈的量。,23,4579070
379344,3994566,11,2014/4/17 12:58,24,吃药不管用了早应该胰岛素了，现在用笔注射针头很小，我一天注射四次，在腹部基本上无痛感，你放心吧。,48,4575904
379261,3994773,4,2014/4/17 14:24,24,你用的都是磺脲类促泌剂，美吡哒降糖作用最强，但随着自身胰岛功能的衰退，都会发生继发性失效。,45,3780969
379355,3994782,5,2014/4/17 14:27,24,空腹血糖偏低应减少晚上长秀霖的量。,17,3780969
379363,3994805,11,2014/4/17 14:34,24,经常低血糖就应对诺和锐减量，“中午两片二甲双胍”你每天服多少mg？,33,3780969
379365,3994826,2,2014/4/17 14:44,24,促甲状腺素偏低是甲亢的倾向，少食高碘食物。,21,4575904
379363,3994906,20,2014/4/17 15:13,24, 你控制很认真，胰岛素用量不大而四次注射，只要调整剂量血糖一定会控制得很好的。,39,3780969
379363,3995318,26,2014/4/17 18:03,24, 餐后低血糖应减少该餐餐前胰岛素的量。,19,3780969
379499,3997504,8,2014/4/18 16:45,24,血糖很可以了,6,4579070
379404,3997523,10,2014/4/18 16:49,24,“餐后两小时4点多”偏低了，可先停了拜糖平再看情况。,26,4575904
379469,3997821,15,2014/4/18 19:56,24,不吃双胍血糖正常、而且吃双胍消瘦还要吃什么双胍呢？,25,3780969
379514,3997829,3,2014/4/18 19:58,24,冷饮可以吃，但应计在每天的热量中，使血糖保持正常。,25,4290840
379511,3997836,5,2014/4/18 20:04,24,二小时血糖能控制在8就很好了，不能光吃米饭和蔬菜，脂肪和蛋白质也应吃一点。,37,4579070
379418,4000490,4,2014/4/20 10:17,24,这类药很普通， 能用进口的最好，一般国产的也可以了。,26,4323988
379759,4001785,3,2014/4/20 21:26,24,中医鼓吹中药降糖，现在骗子越来越多，但掺了西药也不会比胰岛素效果还好,34,4323988
379727,4001793,10,2014/4/20 21:30,24,骑了快三个小时的自行车运动量很大了。,18,4575904
379777,4001801,2,2014/4/20 21:31,24, 都是二甲双胍主要应看剂量，二甲副作用较小，但溶肠片可减少胃部不适。,34,3780969
379802,4002296,2,2014/4/21 8:39,24,“甲钴胺吃了十天，没什么效果”就不能再吃了！,22,4123227
379802,4002866,11,2014/4/21 12:02,24," 我记错了，应该是“如果服用一个月以上无效,则无需继续服用”。",31,4123227
379881,4003541,4,2014/4/21 16:01,24,血糖那么高最好应住院，作个全面的体检，再对症治疗控制。,27,4575904
379882,4003574,6,2014/4/21 16:09,24,停药应加强血糖监测，防止反复。,15,3780969
379942,4004630,2,2014/4/21 22:20,24,方便面可以吃，但应控制热量。,14,3780969
379989,4005434,2,2014/4/22 10:52,24,格列美脲建议于早餐之前服用，若不吃早餐，则于第一次正餐之前服用。,32,4323988
379981,4005499,9,2014/4/22 11:02,24,见你降糖用格列美脲+拜糖平，用药量不大，没有双控期、维持期之说。,32,3780969
379989,4005507,4,2014/4/22 11:03,24, 可以，只要能控制好血糖。,13,4323988
379994,4005592,3,2014/4/22 11:17,24,那你何不用短、速效促泌剂呢？,14,4628755
379994,4005610,4,2014/4/22 11:22,24,而且格列美脲不是用缓释方法延长作用时间的。,21,4628755
380043,4007018,10,2014/4/22 20:45,24, 每天胰岛素用量达50U了，血糖没有得到有效控制，至少改为早、午餐各打速效，这样早、午餐血糖就会得到有效控副，晚餐可仍打锐30。 黑山老幺版主建议四次注射是最佳方法。,83,3780969
380066,4008169,8,2014/4/23 10:38,24,餐后血糖趋势图貌似动态血糖仪了，你很认真。,21,4575904
380131,4008482,12,2014/4/23 12:37,24,如果胰腺组织能修复糖尿病就可治愈了，但目前还做不到，只有骗子在吹。,33,4323988
380141,4008486,2,2014/4/23 12:42,24,喝糖水0.5h才是高峰，平时饮食升糖不会那么快。,24,3780969
379994,4009018,11,2014/4/23 16:20,24, 结果怎样呢？,7,4628755
380158,4009029,19,2014/4/23 16:23,24,空腹血糖六左右很正常，不需加打一针长秀霖。,21,4323988
170161,4010018,10,2014/4/24 8:42,24, ARB和ACEI类是首选药物。,16,4579070
380224,4010074,3,2014/4/24 9:01,24,倍他乐克主治高血压、心绞痛，糖尿病人高血压代文是首选，如果控制不良可加服倍他乐克，供您参考，其体用药应听医生的话。,57,4575904
380224,4010085,4,2014/4/24 9:03,24, 倍他乐克是缓释片吧。,11,4575904
380373,4013438,10,2014/4/25 14:32,24,经常性心悸发生在什么时间，测过血糖吗？,19,4323988
380551,4015817,2,2014/4/26 12:44,24,应该抓紧去看医生。,9,4575904
380623,4017718,6,2014/4/27 11:10,24,你的血糖是多少呢？,9,3780969
380623,4017733,7,2014/4/27 11:12,24, 2h应该不是峰值。,10,3780969
380659,4017741,8,2014/4/27 11:14,24,糖肾应该看几期。,8,4290840
380688,4018378,3,2014/4/27 15:32,24,诺和锐30午餐只是中效控制，所以餐后血糖会偏高，只有看医生加点口服药。 1.因中效在早餐后3小时起效，提前时用午餐可能是中效的峰值，所以降糖效果增强。 2.可能早、午餐之间有低血糖而使午餐后血糖偏高。,100,4123227
380737,4019209,4,2014/4/28 7:21,24,每天10U最好继续注射，如果身体偏胖可改用二甲双胍。,26,4323988
380741,4019242,2,2014/4/28 7:55,24,你确诊糖尿病多久了，以前做过什么检查，现在血糖控制得怎样？,29,4575904
380741,4020922,8,2014/4/28 20:37,24, “血常规，尿常规，糖化，我有脂肪肝，尿中有泡沫。我想查肝功，肾功”再加个尿微量蛋白就行了。,46,4575904
380861,4021485,3,2014/4/29 7:45,24,诺和龙是速效促泌剂，起效快、作用时间短，格列齐特是中效促泌剂，作用时间较长，那种药能控制好血糖你就用那种药。,54,4323988
380796,4021496,8,2014/4/29 7:58,24,你的降糖用药是最有效的了，你应加強空腹和三餐后二小时的血糖，首先调整餐时诺和锐的量，使三餐后二小时的血糖控制在8左右，餐后血糖正常后空腹血糖也会改善。 但不应加得太快，重点应防止发生低血糖。,95,4575904
37166,4034053,1031,2014/5/5 14:48,24, 这是基础量，白天三餐12+14+14U锐。,22,4579070
37166,4034053,1031,2014/5/5 14:48,24, 这是基础量，白天三餐12+14+14U锐。,22,4579070
381646,4034329,4,2014/5/5 16:55,24,你身高体重是多少？从注射胰島素到改用胰岛素增敏剂，变化太大了。,31,4575904
381647,4034358,3,2014/5/5 17:08,24,你的脚指指甲有问题，应看专科医生。,17,4323988
37166,4035041,1034,2014/5/5 22:14,24,回复alfa:“10+13+14锐，10+10地特”每天57U还行。地特作用时间短一天一次效果不好可改用来得时，15U行了吧。,63,4579070
37166,4035041,1034,2014/5/5 22:14,24,回复alfa:“10+13+14锐，10+10地特”每天57U还行。地特作用时间短一天一次效果不好可改用来得时，15U行了吧。,63,4579070
37166,4035369,1040,2014/5/6 8:55,24, 好的，等来得时用完后再试试地特，一天二次覆盖率就高了。,28,4579070
37166,4035369,1040,2014/5/6 8:55,24, 好的，等来得时用完后再试试地特，一天二次覆盖率就高了。,28,4579070
37166,4035401,1041,2014/5/6 9:11,24, 你每天56U用量不少了，确诊时测过胰島功能吗。,24,4579070
37166,4035401,1041,2014/5/6 9:11,24, 你每天56U用量不少了，确诊时测过胰島功能吗。,24,4579070
381716,4035441,2,2014/5/6 9:23,24,你母亲现在降糖主要是亚莫利和格华止，不知现在血糖控制得怎样。 其他的药物是降血压、血脂类的，是否长期服用应咨询医生。,58,4575904
381709,4035467,8,2014/5/6 9:32,24,打胰島素就应控制“吃得多”、“打得多”而体重增加。 七十九岁老人打胰島素重点还应防止发生低血糖。,48,3780969
381709,4036405,23,2014/5/6 15:55,24, 你饮食控制太严了吧。,11,3780969
37166,4036412,1044,2014/5/6 15:59,24, 我们是按血糖调的,9,4579070
37166,4036412,1044,2014/5/6 15:59,24, 我们是按血糖调的,9,4579070
37166,4036422,1045,2014/5/6 16:01,24, 你用量那么大应分清是胰島功能差，还是对胰島素的敏感性差。,29,4579070
37166,4036422,1045,2014/5/6 16:01,24, 你用量那么大应分清是胰島功能差，还是对胰島素的敏感性差。,29,4579070
37166,4036848,1047,2014/5/6 20:03,24, 医生病人很多，他也不可能一个个仔仔细细去调的。,24,4579070
37166,4036848,1047,2014/5/6 20:03,24, 医生病人很多，他也不可能一个个仔仔细细去调的。,24,4579070
381804,4036886,9,2014/5/6 20:18,24,你目前身高体重是多少，用什么药，现在空腹和三餐后二小时血糖是多少？,33,3780969
381796,4036941,11,2014/5/6 20:41,24,优泌乐50含50％赖脯胰岛素（超短效胰岛素类似物）和50％精蛋白锌赖脯胰岛素（中效胰岛素类似物）。 你早餐时注射后其中50％赖脯胰岛素控制早餐后血糖，但二小时后另50％精蛋白锌赖脯胰岛素慢慢起效了，所以午餐前容易发生低血糖，发生低血糖只有用加餐来解决，而午餐后血糖只用中效胰岛素类似物控制，所以午餐后血糖可能会偏高，可以加服拜糖平控制。 晚餐时注射后其中50%超短效胰岛素类似物控制晚餐后血糖，另50％中效胰岛素类似物控制午夜、凌晨和空腹血糖。 懂得这个基本原理你自己就可以以每次2U的量对胰島素进行调整，并做好血糖监测，防止发生低血糖。,269,4628755
381796,4036951,12,2014/5/6 20:46,24, 优泌乐75就是优泌乐25， 含25%速效和75%中效，而优泌乐速效与优泌乐25作用不同的！,46,4628755
381796,4036974,14,2014/5/6 20:57,24, 如果有75%速效和25%中效的优泌乐更不适合，用75%速效控制早餐后血糖，另25%中效更不能控制午餐后血糖。,55,4628755
37166,4037045,1049,2014/5/6 21:11,24,这就是机械化的格式,9,4579070
382433,4046647,3,2014/5/11 15:42,24,你应在手指尖侧面采血，并调整采血笔针深度，使血液自动流出。,29,4575904
382386,4046674,8,2014/5/11 15:52,24,格列齐特片和二甲双胍可以同时吃，但你适不适合应由医生决定。,29,3780969
382428,4046725,4,2014/5/11 16:11,24,有回复了，还是留着吧,10,4575904
381854,4048983,18,2014/5/12 15:34,24, 这可能是黎明现象，一般可早用药、早用餐。,21,4575904
336578,4050655,199,2014/5/13 12:08,24, 您好，我IE10早就不用了，现在用世界之窗5.0.0.2。,30,4579070
382669,4050671,2,2014/5/13 12:12,24,可以了，测过糖化血红蛋白吗。,14,3780969
382649,4050696,6,2014/5/13 12:19,24,在空腹血糖正常的情况下餐后血糖偏高，可餐时加服卡博平或拜糖平。,31,4575904
382649,4051383,8,2014/5/13 16:41,24, 二甲双胍可增加周围组织对胰岛素的敏感性，抑制肝糖原异生，降低肝糖输出，对空腹血糖有控制作用。,47,4575904
382649,4051423,10,2014/5/13 16:53,24, 你为什么想停亚莫利？如果血糖控制正常不应随便换药。,26,4575904
382649,4051861,14,2014/5/13 20:40,24, 你亚莫利每天只半片，用量很少，如果停后血糖偏高还应加其他药物，促泌剂以后一定要用的，除非注射胰岛素。,51,4575904
287335,4051881,33,2014/5/13 20:48,24, 如果不用药通过饮食控制和运动，血糖能控制正常那是最好，但体重一定要保持正常，不应“饥饿疗法”。,48,3780969
382817,4052961,4,2014/5/14 11:46,24,来得时+三餐诺和锐是最佳组合，你控制很认真，应防止低血糖了，必要时应对胰岛素减量。,41,4323988
382844,4054013,9,2014/5/14 18:55,24,诺和灵30R含30%短效和70%中效，诺和灵50R 短效和中效各50%，由于短中效比例不同，不应随便更换。,53,3780969
382883,4054022,2,2014/5/14 18:57,24,糖尿病人受黎明现象的影响，空腹血糖测得越迟就越高，你血糖6.4很好了。,35,4575904
382838,4054051,9,2014/5/14 19:09,24, 说“鞭打病牛”是错误的，只有听医生的话合理用药控制好血糖，才能更好地保护自身的胰岛功能。,45,4575904
382927,4054761,6,2014/5/15 9:09,24,吃馒头是测糖耐量，只要测个餐后二小时血糖就行了，测胰岛功能应喝葡萄糖水。,36,4579070
382904,4054783,14,2014/5/15 9:15,24, 你R/R/R最安全,10,3780969
382904,4055495,20,2014/5/15 14:07,24," 我昨天三支诺和锐、三支来得时879.15元。 2014_05_15_6954.jpg (53.96 KB, 下载次数: 21) 下载附件 ?保存到相册 2014-5-15 14:06 上传",95,3780969
382904,4055502,21,2014/5/15 14:09,24, 赛诺菲安万特（北京）制药有限公司,17,3780969
382927,4055507,16,2014/5/15 14:11,24, 医生不负责,6,4579070
382976,4055526,2,2014/5/15 14:19,24,7.9还不理想？,8,4579070
382960,4055597,6,2014/5/15 14:41,24,如果你长期不用药通过饮食运动血糖一直正常，那就可以停药。,28,4323988
382951,4055606,9,2014/5/15 14:45,24,这里的糖友是不会用这种非正规的东西的。,19,3780969
383036,4056451,2,2014/5/15 21:01,24,主要是看血糖的高低和有无并发症。,16,3780969
383022,4056480,14,2014/5/15 21:06,24,“无蔗糖”是个幌子，有热量的东西不单是蔗糖。,22,3780969
383040,4056523,2,2014/5/15 21:23,24,血糖太高了！尿素、肌酐又偏，低营养不良了。,21,3780969
383040,4056540,3,2014/5/15 21:27,24,你目前身高体重是多少，目前空腹和三餐后二小时血糖测过吗？,28,3780969
383040,4056629,7,2014/5/15 21:44,24, 请你计算一下每天所需的基本热量： http://bbs.tnbz.com/tnbjs.php,47,3780969
382927,4058183,19,2014/5/16 15:43,24,这单子是什么时间，血糖参考值都定3.9-6.1？,24,4579070
383108,4058235,4,2014/5/16 16:00,24,也可解释为某种症状并不是周围神经病变引起的。,22,3780969
383191,4058804,2,2014/5/16 20:23,24,糖尿病饮食控制和运动最好每天定时定量，如果想多吃点餐后血糖偏高只有用点速效药，二甲双胍作用不大。,48,4323988
383198,4059082,2,2014/5/16 22:51,24,可以，是早餐前服用的吧，继续加强血糖监测。,21,4579070
383201,4059093,2,2014/5/16 22:56,24,你是打诺和锐30，一天打几次？ “晚上饭前血糖6点多要不要再加胰岛素”应看你晚餐后二小时、睡前和空腹血糖是多少 。,57,4579070
383198,4059391,4,2014/5/17 9:11,24,很好，不要有太大的压力。,12,4579070
383201,4059458,4,2014/5/17 9:43,24, 晚餐前血糖6点多很好，但你用餐后血糖会升高，当然还得按原来一样注射。,35,4579070
383201,4059943,6,2014/5/17 13:43,24, 没有关系，C肽低可注射胰岛素，会有所改善的。,23,4579070
382904,4060796,28,2014/5/17 19:42,24, 诺和锐每月4支，来得时1.5支就够了。,20,3780969
380862,4061440,24,2014/5/18 7:39,24,中医说法：肝主筋，指甲是筋的一部分，说明你肝脏不太好。 中医又说：肾主骨，指甲是骨的一部分，说明你肾脏不太好！,55,4579070
383322,4061447,3,2014/5/18 7:42,24,有内分泌科的正规医院。,11,4290840
383331,4061460,5,2014/5/18 7:51,24,你的血糖很正常。,8,4579070
380862,4061977,27,2014/5/18 12:18,24, 你“指甲是筋的一部分”是从那本中医书上看到的？,24,4579070
380862,4061990,28,2014/5/18 12:24,24,http://baike.baidu.com/view/284178.htm?fr=aladdin “中医认为人身共有485道大筋，这是对解剖知识缺乏认识下的笼统概括，实际上包括了现代医学的肌肉﹑肌腱﹑韧带﹑筋膜﹑腱鞘、滑囊、关节囊、神经和血管，甚至关节软骨、关节盂缘等”并没有说指甲是筋。,145,4579070
382904,4062870,30,2014/5/18 20:46,24, 您好，慢性病是很麻烦，我高血压也长期吃药，每天代文160mg、非洛地平缓释片10mg、琥珀酸美托洛尔缓释片47.5mg。,61,3780969
383191,4064338,6,2014/5/19 15:43,24, 降餐后血糖可用拜糖平、诺和龙之类的，供你参考。,24,4323988
383548,4065179,2,2014/5/19 21:33,24,应该看医生做个必要的生化检测。,15,4579070
383563,4065604,2,2014/5/20 8:40,24,发个图片看,5,3780969
383579,4065857,8,2014/5/20 10:10,24,控释片不管你餐前血糖低、餐后血糖高，都在促泌，你的胰岛功能轻度受损，所以餐前血糖偏低，必要时看医生换药，改用格列美脲试试，供你参考。,66,3780969
383581,4065872,2,2014/5/20 10:15,24,身高体重是多少？空腹血糖11.48较高了，不知医生开了什么药？ 抗谷氨酸脱羧酶抗体是分型的指标，如果阴性就是二型了。,58,4575904
383581,4066731,20,2014/5/20 16:25,24, 现在控制糖尿病的药物很多，只要听医生的话对症用药治疗，病情都会得到有效控制。,39,4575904
383579,4066737,15,2014/5/20 16:27,24, 现在重点应防止发生低血糖。,14,3780969
383579,4066748,16,2014/5/20 16:30,24, 眼睛模糊可能是血糖下降后眼睛屈光发生改变，过段时间会好的。,30,3780969
383651,4066793,6,2014/5/20 16:42,24,胰岛素释放实验是可以知道胰岛受损情况，如果早期轻度受损是可以恢复的。,34,4290840
383651,4066858,8,2014/5/20 17:00,24, 你是吃什么东西测试的，量是多少？ 从数值来看当时血糖很高，胰岛素也分泌不足，受损较重。,44,4290840
383647,4066878,8,2014/5/20 17:09,24,南瓜不能降糖，但南瓜是粗粮，糖尿病人可以吃。,22,4123227
383651,4066890,11,2014/5/20 17:14,24, 测餐后二小时胰岛素和血糖应吃二两面粉的馒头，饮食不标准没意义。,32,4290840
383810,4069365,4,2014/5/21 19:13,24,唐力服用几天后血糖还会下降。,14,3780969
383837,4069716,4,2014/5/21 22:42,24,75G的葡萄糖或100克的馒头是OGTT和糖耐量测试热量的标准，吃多、吃少就不准了。,42,4323988
383839,4069741,,2014/5/21 22:53,24,诺和龙和拜糖平主要降餐后血糖，餐后血糖正常后空腹血糖也会改善，早晨空腹7.8你先测一下睡前血糖是多少。,51,3780969
383848,4069750,3,2014/5/21 22:57,24,无糖食品只是无蔗糖，热量还是较高了，其体的量你只要掌握加餐后血糖正常就行了。,38,3780969
383847,4069768,3,2014/5/21 23:08,24,加强饮食控制和运动，使体重指数保持正常就行了。,23,4575904
383858,4069955,4,2014/5/22 8:56,24,拔毛了！,4,3780969
383832,4069972,4,2014/5/22 9:04,24,卡司平，医生诊断你有胰岛素抵抗？ 你身体太瘦了，饮食控制适当放宽点，如果血糖偏高可用点促泌剂。,47,4579070
383858,4071004,11,2014/5/22 15:23,24, Samsung SSD Magician Tool是三星固态硬盘的专用优化和维护工具，威刚Premier Pro SP900可用吗？,67,3780969
383921,4071126,4,2014/5/22 15:52,24,饮食你必须按糖尿病人的标准摄入，光吃粗粮和蔬菜不行，胖人血糖很高可注射胰岛素，但同时可服用二甲双胍。 目前你应做好三餐前和后二小时血糖的监测。,71,3780969
383926,4071188,5,2014/5/22 16:03,24,“午餐后2小时血糖6.5? ? ， 3小时血糖7.3 ，??6小时血糖6.8”血糖可以了，拜糖平只是延缓葡萄糖吸收，必要时看医生调整一下用药。,71,4575904
383858,4071220,14,2014/5/22 16:11,24, 那没什么用吧,7,3780969
383921,4071229,8,2014/5/22 16:12,24, 请做好血糖监测，防止发生低血糖。,17,3780969
384059,4073864,2,2014/5/23 19:21,24,你用什么药？,6,4575904
384058,4073868,4,2014/5/23 19:23,24,西瓜不是不升糖，可能你吃得少。,15,4575904
384026,4073878,3,2014/5/23 19:28,24,不会变质的。,6,4575904
384016,4073900,9,2014/5/23 19:39,24,你的胰岛功能的确恢复得很好。,14,3780969
369279,4077019,5,2014/5/25 17:22,24, 你可打8008102299诺和公司免费电话联系一下。,27,4575904
369279,4077621,9,2014/5/25 22:23,24, 我们这里针头进医保了。,12,4575904
384363,4078717,2,2014/5/26 14:14,24,很好嘛，这说明你的胰岛功能得到改善。,18,3780969
384384,4079620,5,2014/5/26 19:09,24,二型每天三短（速）一长就可以了，你为什么要用泵。,24,4123227
384383,4079628,3,2014/5/26 19:12,24,骗子最可恶,5,4575904
382930,4079634,3,2014/5/26 19:18,24,你身高体重为多少，肠溶片还有反应就不宜用了。,22,4575904
384407,4079640,2,2014/5/26 19:23,24,甜味剂不含糖，热量低，糖尿病人可作调味用。,21,3780969
384407,4079726,4,2014/5/26 20:31,24, 英国泰来三氯蔗糖100克 无热量600倍，那是否达到60000g/60kg蔗糖的甜度，先生是那里买的？,52,3780969
384441,4080903,26,2014/5/27 13:37,24, 注射胰岛素是糖尿病人控制血糖最有效、副作用最小的方法，20年病程应该考虑上胰岛素了。,43,3780969
384441,4081411,34,2014/5/27 16:56,24, 口服药在正常剂量内能控制好血糖就行。,19,3780969
384477,4081603,5,2014/5/27 19:17,24,已经昧着良心把谎话编出来了。,14,4323988
384661,4083585,3,2014/5/28 17:27,24,应该有说明书，包括详细操作步骤。,16,4323988
384665,4083587,2,2014/5/28 17:28,24,这样你才会上当受骗,9,4575904
384643,4083595,11,2014/5/28 17:32,24,醋能有多少热量，一定是其他原因。,16,4579070
384642,4083617,5,2014/5/28 17:45,24,如果午餐前血糖正常，饮食和运动没有改变。只有增加用药量。,28,4290840
384642,4083831,7,2014/5/28 20:38,24, 你好，诺和龙每次最大剂量4mg，每天剂量不大于16mg，你饮食控制和运动很认真了，如果餐后血糖偏高可调整剂量，使餐后二小时血糖控制在8左右，医生也说高就加量。,80,4290840
384684,4083867,3,2014/5/28 20:58,24,尿蛋白是+1，你锻炼是否每天强度很大，感觉劳累，可复查一下尿微量蛋白再看情况。,39,3780969
384680,4083884,7,2014/5/28 21:07,24,你的血糖是很可以了，如果再偏高只有用药控制，不应怕用药，血糖长期偏高对身体伤害更大。,42,4579070
384678,4083892,5,2014/5/28 21:11,24,二甲双胍对空腹血糖有良好的控制作用，特别是身体偏胖的人。,28,3780969
384690,4083982,2,2014/5/28 22:03,24,来得时比诺和平作用时间长，但价格贵一点。,20,4323988
384815,4085830,2,2014/5/29 19:30,24,虽你确诊时血糖很高，但由于及时使用胰岛素治疗控制，胰岛功能恢复得较好。 能维持多久主要应看自己的控制和病情的发展，不过随着病程的增长，用药量会慢慢增加，不用害怕。,81,4575904
384690,4085839,5,2014/5/29 19:34,24, 有个什么副作用我也看到，但我仍用来得时。,21,4323988
384816,4085847,3,2014/5/29 19:38,24,我也投了,4,4579070
384815,4085857,4,2014/5/29 19:50,24, 因糖尿病目前只能控制、不能治愈。,17,4575904
384815,4087705,6,2014/5/30 16:33,24, 你好，你用药量少血糖控制得很好，不必再进行胰岛素强化治疗了。,31,4575904
384815,4087811,11,2014/5/30 17:04,24, 格列吡嗪控释片----长效促泌剂，你也可以看医生改用一天一次长效胰岛素，供您参考，其体用药应听医生的话。,53,4575904
384815,4087887,16,2014/5/30 17:51,24, 那可改用小剂量诺和龙。,12,4575904
385350,4087890,7,2014/5/30 17:54,24, 你又不会长期用的。,10,4628755
385350,4087936,13,2014/5/30 18:28,24, 那就问题不大。,8,4628755
384690,4089018,7,2014/5/31 10:24,24, 我现在每晚打12-14U，晚上只吃了一个橙子空腹会这样高？晚餐后二小时、睡前血糖正常吗。,45,4323988
385563,4089044,6,2014/5/31 10:32,24,那可能是服拜唐苹延缓吸收引起空腹血糖偏高？你晚餐服0.5mg诺和龙试试。,36,4579070
385563,4089708,11,2014/5/31 16:04,24, 诺和龙作用时间短，如果血糖偏低可再少吃点。,22,4579070
384690,4089720,10,2014/5/31 16:08,24, 我三餐各打12U，速效也应根据血糖调整，我冬天要各打14U。,31,4323988
385622,4089743,5,2014/5/31 16:17,24,可以，应防止凌晨发生低血糖，并根据空腹血糖高低对胰岛素进行调整。,32,4575904
385628,4089759,2,2014/5/31 16:22,24,空腹6点多也很好了。,10,4579070
385596,4089786,13,2014/5/31 16:26,24, “吃药一天三次”还得加强饮食控制和运动，尽量做到定时定量，这是控制好血糖的基础。,41,4575904
385563,4090208,13,2014/5/31 19:40,24, 请做好血糖监测。,9,4579070
385704,4090463,2,2014/5/31 21:10,24,餐后两小时血糖5.7左右伏格列波糖可以停服。,22,4575904
385673,4090485,5,2014/5/31 21:18,24,世界无烟日,5,3780969
385563,4091455,15,2014/6/1 13:41,24, 如果经常这样，只有减少晚餐锐30的量，晚餐后2h血糖偏高可增加诺和龙的量。,38,4579070
385793,4091661,2,2014/6/1 15:21,24,应该与平时一样，碳水、蛋白质和脂肪按比例摄入，并尽量做到定时定量。,33,4323988
385841,4092108,8,2014/6/1 20:13,24,你是吃什么东西测试的，重量是多少？餐后二小时胰岛素是空腹的10倍俏高一点，但血糖正常，如果身体偏胖可服点二甲双胍，必须加强血糖监测，如果血糖偏低就应停服。,77,3780969
385563,4092632,17,2014/6/2 8:10,24, 可以试试，灵50就是应餐前半小时注射。,20,4579070
385878,4092654,2,2014/6/2 8:31,24,你注射30R还用其他药吗？目前身高体重为多少？,23,4323988
385903,4092660,2,2014/6/2 8:39,24,"你服格列吡嗪普通片还是缓释片，晚餐后(二小时？)是.3,7.0,6.1偏低了，能控制在8左右就很好了，空腹血糖还可以，生理期血糖是难控制些，不用着急，监测几天再看情况。",84,4575904
385904,4092665,3,2014/6/2 8:43,24,你控制很认真，空腹血糖在6左右就好了，太低应防止凌晨血糖偏低。,31,3780969
385878,4093678,4,2014/6/2 19:18,24, 如果午餐后血糖不很高拜糖平可停服。,18,4323988
385974,4093683,2,2014/6/2 19:20,24,玉泉丸是中成药，可作辅助治疗，但不能降血糖。,22,4628755
386047,4095019,4,2014/6/3 13:19,24,当然是同时起效的，量的多少是单位时间内作用的大小。,25,4575904
386065,4095397,3,2014/6/3 15:57,24,“睡前血糖在6左右”你可睡前再服一颗二甲双胍试试。,25,4575904
386090,4095404,2,2014/6/3 15:59,24,单是餐后高，如在10以内可服拜糖平。,18,4628755
386089,4095410,5,2014/6/3 16:02,24,高血糖对身体危害决定于血糖的高度和持续的时间。,23,3780969
386047,4095445,6,2014/6/3 16:14,24,早上吃了八个包子同时消化吸收，血糖升高靠胰岛素将糖份储存在体内，再慢慢释放出来为身体提供热量，但糖尿病人血糖升高后，糖份就从尿中排泄了,67,4575904
386090,4095475,7,2014/6/3 16:24,24, 您好，拜糖平只是延缓葡萄糖吸收，降糖作用较弱，如果您母亲餐后二十几点服拜糖平不行的。,43,4628755
386090,4095526,10,2014/6/3 16:53,24,格华止可以和拜糖平一起吃，但应注射体重下降。,22,4628755
386568,4103302,6,2014/6/6 23:07,24,"是JPG文件，我用ps处理一下，你能发现什么？ 外.jpg (72.43 KB, 下载次数: 35) 下载附件 ?保存到相册 2014-6-6 23:04 上传 内.jpg (38.17 KB, 下载次数: 34) 下载附件 ?保存到相册 2014-6-6 23:04 上传 加红框.jpg (32.71 KB, 下载次数: 30) 下载附件 ?保存到相册 2014-6-6 23:04 上传",196,4575904
386809,4107488,4,2014/6/8 19:09,24,“餐后10左右空腹一直都不高，5.5以下”餐时服颗拜糖平就可以了。,33,4323988
386879,4108677,3,2014/6/9 11:11,24,二甲双胍降餐后血糖作用较小。,14,3780969
386879,4109668,17,2014/6/9 18:51,24, 每个人的胰岛功能不同，用药也不同，吃二甲餐后血糖偏高必须另加短效药控制。,37,3780969
386986,4109676,2,2014/6/9 18:55,24,有点头晕应测一下血糖，是否偏低了。,17,3780969
386979,4109687,2,2014/6/9 19:06,24,胰岛素抵抗是餐后胰岛素分泌较高而血糖仍偏高，你ogtt“血糖高峰在半小时到1小时之间 ”你是喝糖水的？ 吃饭消化吸收比喝糖水慢，血糖高峰会后移。,72,4575904
386988,4109696,2,2014/6/9 19:12,24,吃得少运动量大应防止发生低血糖，低血糖过后血糖会反弹升高。 但你餐后二小时血糖7.5左右很正常，不必纠结。,53,4628755
386989,4109701,3,2014/6/9 19:16,24,空腹6.5左右很好了，饭后二小时也6.5有点偏低了，你可咨询医生是否可将二甲双胍改为二甲双胍缓释片。,50,4290840
386979,4109705,4,2014/6/9 19:18,24, 你好，消化不是太好可引起血糖峰值延迟。,20,4575904
386986,4109713,4,2014/6/9 19:21,24, 你好，晚饭前5.2血糖很好，低烧应看医生查清原因才可对症用药。,32,3780969
386975,4109719,3,2014/6/9 19:25,24,糖尿病人饮食控制是必须的，而且应做到定时定量，你可计算一下每天可吃多少东西： http://bbs.tnbz.com/tnbjs.php,68,4323988
387055,4112988,10,2014/6/11 7:32,24, 空腹血糖偏高0.2，糖化血红蛋白Hba1c正常，很好！,28,3780969
387164,4112994,7,2014/6/11 7:35,24,“今年瘦了好几斤，嘴干”应引起重视，应去医院测个糖耐量。,28,4579070
387129,4113009,7,2014/6/11 7:44,24,糖化血红蛋白、肝、肾功能、血脂都很正常，放心吧。,24,3780969
387290,4114890,4,2014/6/11 20:36,24, 血糖正常后离长生不老就近了。,15,3780969
387257,4114903,3,2014/6/11 20:41,24, 糖尿病孕期你注射胰岛素吗，血糖控制得可好，尿常规蛋白有+？,30,4628755
387260,4114929,6,2014/6/11 20:48,24,你晚餐后二小时、睡前血糖测过吗？ 除了诺和锐30预混的外，还有速效诺和锐，如果你晚餐打速效诺和锐，睡前还得打中、长效胰岛素控制空腹。,66,4575904
387296,4114939,3,2014/6/11 20:49,24,餐二7.3还不滿意？,10,4290840
387257,4115577,5,2014/6/12 7:18,24, 蛋白弱阳是偶然发现的吧，过段时间可查个尿微量蛋白。,26,4628755
387333,4115638,4,2014/6/12 7:55,24,只能说你的胰岛功能恢复得很好，正常人可能有这个水平，不放心可测个OGTT。,37,4323988
387353,4116013,2,2014/6/12 10:35,24,瑞格列奈是速效非磺脲类促胰岛素分泌的药物，血糖控制正常后你受损的胰岛功能得到了保护。 你是三餐前各一粒，餐后血糖正常了吧，空腹血糖正常吗？,69,3780969
387353,4116057,6,2014/6/12 10:45,24, 合理用药控制好血糖，才会延缓胰岛功能衰退的进程。 如果身体肥胖饮食控制和运动必须加强，并可服点二甲双胍，可减少瑞格列奈的剂量，供您参考，其体用药应听医生的话。,80,3780969
387539,4118284,4,2014/6/13 9:49,24,不要相信这种不科学的东西，主食是每天热量的主要来源，不吃主食你吃什么呢？,36,4323988
387539,4119075,12,2014/6/13 14:18,24, 葡萄糖是人体内能量的主要来源。如果不吃主食，或进食过少，缺乏葡萄糖来源，人体需要热量时，就会将蛋白质、脂肪转化为葡萄糖，以补充血糖的不足。脂肪会分解生成脂肪酸，在体内燃烧后释放出能量。当脂肪酸产生过多时，常伴有酮体生成，经肾脏代谢排出，可出现酮尿，不利于身体健康。,133,4323988
387588,4119106,6,2014/6/13 14:28,24,“OGTT测试，如果第一次都超标了，以后会达标”那你就不是糖尿病了,33,4575904
387590,4119138,4,2014/6/13 14:37,24,复查前一天打长效胰岛素对血糖有一定的影响。,21,4323988
387637,4119602,3,2014/6/13 16:55,24,你现在是锐+锐+锐+诺和平？长效是什么时间打的？为什么要加2个单位长效，空腹血糖偏高？,43,4575904
387666,4120038,7,2014/6/13 20:57,24,空腹血糖偏高，是属空腹血糖受损，餐后2h血糖因饮食不标准，应是二两面粉的馒头。,39,4575904
387659,4120106,5,2014/6/13 21:21,24,"我去看了，是这样的 2014.6.13.jpg (51.97 KB, 下载次数: 20) 下载附件 ?保存到相册 2014-6-13 21:20 上传",75,3780969
387659,4120109,6,2014/6/13 21:22,24,"这是前天晚上拍的 2014.6.11.jpg (52.52 KB, 下载次数: 14) 下载附件 ?保存到相册 2014-6-13 21:22 上传",74,3780969
387666,4120119,10,2014/6/13 21:27,24, 如果有二两面粉的量，那是正常的。不是“终极审判”，没有那么严重，问题不大。,38,4575904
387637,4120128,7,2014/6/13 21:34,24, “最近老感觉出去随便走一走就会低血糖”是晚餐后吧，那可减少晚餐时锐的量。 诺和平睡前打，并测一下睡前血糖正常否，如果空腹血糖还偏高可增加诺和平2U，一天四针只要剂量合适，血糖一定会控制得很好的。,98,4575904
387453,4120143,4,2014/6/13 21:46,24,早上吃格列齐特是普通片还是缓释片？ 早餐还要加阿卡波糖胶囊？中午只一片二甲，早、午餐后二小时血糖都在7.5-9.5？ 晚餐一片二甲，一粒阿卡波糖餐后二小时血糖是多少？,83,4290840
387532,4120147,40,2014/6/13 21:48,24,不要在论坛上干扰了，不提倡这样做！,17,4575904
387657,4120156,5,2014/6/13 21:52,24,医生说得很对，不必太纠结。,13,4575904
387353,4120168,17,2014/6/13 21:55,24,要保护你可打胰岛素。,10,3780969
387690,4120479,2,2014/6/14 8:07,24,你现在身高体重为多少？ 空腹血糖4.93很好，餐后2H13.71是高了，吃什么东西的，量是多少？,48,4579070
387683,4120483,6,2014/6/14 8:10,24,控制好血糖就是了，不必多想。,14,4290840
387690,4120561,7,2014/6/14 9:03,24, 75克糖耐量太强大了，一般馒头餐就可以了，平时在家自测2H在5.6左右就很好了。,41,4579070
387690,4120611,9,2014/6/14 9:20,24, 糖耐量测试要求是二两面粉的量，杂面热量应该低一点、升糖可能慢一点，但问题不大。 同样二两面粉，身体胖的与身体瘦的人相差会更大。,64,4579070
387590,4121186,9,2014/6/14 14:28,24, 血糖，糖化之类应该打的。,13,4323988
387746,4121204,3,2014/6/14 14:38,24,除了餐后二小时血糖，空腹血糖也很重要。,19,4290840
387747,4121208,4,2014/6/14 14:42,24, 喝盐汽水后一小时6.2达到空腹水平，很好了！,23,4575904
387712,4121212,6,2014/6/14 14:48,24,1.5型体重正常或偏胖，口服药有效，但GADA抗体阳性，应改用注射胰岛素控制血糖。。,42,4628755
387712,4121231,8,2014/6/14 15:04,24, 你抗体阳性？,7,4628755
387712,4121894,14,2014/6/14 21:08,24, 你好，这应看病情的发展。,13,4628755
387778,4121942,8,2014/6/14 21:21,24,每天六粒阿卡波糖胶囊量太大了，餐后血糖还那么高，体重是会下降，而且伤肝。 可看医生改用诺和龙，餐后血糖正常后空腹血糖也会改善。,63,4123227
387898,4123660,2,2014/6/15 19:25,24,分餐可降低血糖的高峰，但还应考虑到你工作、学习和用药的实际情况。,32,4290840
387690,4127148,33,2014/6/17 9:34,24, 下午5点应达到空腹水平，3.9-6.1都属正常。,25,4579070
388097,4127329,2,2014/6/17 10:33,24,希望能发明一种根根据血糖高低、自动调节的智能长效胰岛素，不过卖胰岛素泵的要哭了。,40,4575904
387690,4128136,52,2014/6/17 15:19,24, 糖耐量标准饮食热量高，所以血糖会偏高。,20,4579070
388135,4128174,6,2014/6/17 15:29,24, 空腹血糖基本正常，餐后二小时血糖较高，因为没有测餐后半小时和一小时的值，不能全面分析胰岛功能，估计是分泌不足。 但糖化血红蛋白正常，说明你最近三个月血糖控制得很好。,83,3780969
388107,4128277,7,2014/6/17 15:51,24,从C肽和血糖值来看C肽分泌稍滞后伴分泌不足，胰岛功能不是很差，糖化5%说明近三个月血糖正常。服格列齐特缓释片后饮食控制适当放宽点，并做好血糖监测。,73,4575904
388077,4128305,21,2014/6/17 15:58,24,“患病2年了血糖没怎么正常过”你太大意了，抓紧去三甲医院看内分泌医生，通过必要化验，合理用药血糖一定会控制好的，抓紧！,59,3780969
388119,4128355,3,2014/6/17 16:08,24,胰岛素从35U下降到10U，当时你的胰岛功能有了很大的改善，改用口服药不合理或工作上遇到点着急焦虑的事血糖就会上升，如果要控制血糖势必要增加胰岛素的量，能否恢复应看你胰岛功能受损的程度，但总会有所改善的。,102,4123227
388135,4128371,9,2014/6/17 16:11,24, 2型糖尿病可能性大，情绪对血糖有一定的影响。,23,3780969
388106,4128428,2,2014/6/17 16:25,24,应看有没有糖尿病人慎用的提示。,15,4628755
388156,4128441,6,2014/6/17 16:30,24,身高153cm，体重44kg医生让你换二甲？ 相比之下控制餐后血糖拜糖平比二甲作用好，但长期服用拜糖平也会减轻体重。,58,4290840
388156,4128917,22,2014/6/17 20:35,24, 您好，其体用药请听医生的话。,15,4290840
388106,4128922,4,2014/6/17 20:36,24, 那就可以用。,7,4628755
388188,4129372,5,2014/6/18 7:47,24,ogtt升糖快，你的胰岛在高血糖的刺激下，能分泌大量胰岛素控制好血糖。,35,4579070
388180,4129396,9,2014/6/18 8:04,24,ogtt血糖正常，c-肽分泌稍滞后。,18,3780969
388188,4129455,7,2014/6/18 8:43,24, 请将ogtt报告传上来看一下。,16,4579070
388180,4129942,16,2014/6/18 11:26,24, 有点不正常吧。,8,3780969
388180,4130945,18,2014/6/18 18:32,24,适当饮食控制和运动，以良好的生活习惯防止发生糖尿病。,26,3780969
388188,4131501,10,2014/6/18 22:31,24, 2H血糖能控制在5.28，你的胰岛功能很可以了。,25,4579070
388332,4131516,2,2014/6/18 22:38,24,饮食控制和运动必须定时定量，如果餐后二小时血糖长期在6.1可停服拜糖平。,36,4579070
388188,4131903,13,2014/6/19 9:06,24, 葡萄糖水里加的胰岛素是防止血糖升高的，隔了一天应该无作用了，从胰岛素、C肽分泌倍率来看没有明显胰岛素抵抗，餐后2H有时8以上还可以，看来还是饮食的原因。,77,4579070
388188,4132148,15,2014/6/19 10:49,24, C肽最高峰值是空腹的5-7倍，那你平时正餐米饭可少吃点，使餐后二小时血糖控制在8左右，也不必太低，二餐之间再适当加餐。,60,4579070
388389,4132159,2,2014/6/19 10:53,24,这应看你查出糖尿病时胰岛功能受损的程度，有些人通过治疗控制可不用药，大部份人需终身用药。,44,4575904
388518,4133717,3,2014/6/19 20:00,24,如果需要吃我也不会吃安利那种昂贵的东西,19,4575904
388517,4133725,3,2014/6/19 20:04,24,午餐间加服二甲双胍缓释片降餐后血糖作用很弱，但也不至于血糖会升高。,33,4575904
388517,4133887,9,2014/6/19 21:34,24, 你为什么要加服二甲双胍缓释片呢？就是午餐间加服一次？ 不是午餐间不适合加服二甲，如果血糖会升高你还是不吃为好。,56,4575904
388524,4133896,2,2014/6/19 21:41,24,尿微量白蛋白/ 肌酐是糖尿病人肾早期受损的指标，尿微量白蛋白??31mg/L 参考值是多少？,46,3780969
390398,4165622,2,2014/7/4 17:22,24,一般可选晨尿中段送检。,11,4579070
390396,4165632,2,2014/7/4 17:24,24,饮食主要是控制总热量，其次是升糖指数。,19,3780969
390396,4165718,6,2014/7/4 18:02,24, 燒餅主要是看面粉的量。,12,3780969
244221,4166016,,2014/7/4 20:44,24,吃中药的结果是死路一条,11,4628755
244221,4166016,155,2014/7/4 20:44,24,吃中药的结果是死路一条,11,4628755
390429,4166370,3,2014/7/4 22:30,24,不可能，除非是误诊。 高级模式 B Color Image Link Quote Code Smilies |,55,4628755
390427,4166382,4,2014/7/4 22:33,24,高血糖对糖尿病人的危害是最大的！,16,4290840
390428,4166397,,2014/7/4 22:36,24,“每天报告血糖情况”并天天将帖子顶在首页有必要吗，如果大家都象你，论坛就无法正常交流了。,44,4323988
390420,4166460,6,2014/7/4 23:10,24,格列美脲降空腹和餐前血糖作用应该很好，“晚饭前我给他测了下 9.0”你父亲应测一下午、晚餐之间是否有低血糖现象。,56,3780969
390520,4168499,4,2014/7/6 8:58,24, 你这次测试是吃什么东西的？量是多少？ 属胰岛素分泌不足伴分泌滞后，空腹和餐后血糖都偏高，可确诊为糖尿病。 你身高体重为多少？医生用药了吗？,70,4323988
390520,4168673,9,2014/7/6 10:49,24, 我一看好象觉得有问题，原来你是吃馒头的， 怪不得血糖和胰岛素分泌峰值在餐后2h，测胰岛功能应喝75g葡萄糖冲的水，你这次测试不能全面反映你的胰岛功能，医生让你这样测的？,85,4323988
390520,4168686,12,2014/7/6 10:55,24, 你身体较瘦，应该注射胰岛素。,15,4323988
390549,4168689,2,2014/7/6 10:56,24,炒菜放的这一点糖可忽略不计。,14,3780969
390520,4168709,14,2014/7/6 11:02,24, 一天三次你打什么胰岛素？量是多少？,18,4323988
390520,4168720,16,2014/7/6 11:05,24, 不用测了，控制好血糖就是了。,15,4323988
390520,4168727,17,2014/7/6 11:08,24, 优泌乐25控制餐后血糖的速效只有25%，而75%是中效，一天三次注射不合理。,39,4323988
390520,4168750,19,2014/7/6 11:13,24, 你可换个医生看看。,10,4323988
390520,4168765,21,2014/7/6 11:18,24,三次注射如换成优泌乐50，增加25%餐时速效的量，但也不是最佳方法。,34,4323988
390593,4169449,3,2014/7/6 20:24,24,如果你身体肥胖，二甲双胍是首选药物，体重正常可试用格列美脲。,30,4575904
390586,4169457,4,2014/7/6 20:31,24,一型糖尿病就不是那么回事了,13,3780969
390593,4169566,6,2014/7/6 21:33,24, 改用格列美脲恐不行，你优泌林70/30每天几次，每次多少？,30,4575904
390586,4169570,8,2014/7/6 21:36,24, 我的意思是良好的生活习惯可预防二型糖尿病的发生，但一型是无法预防的。,35,3780969
390596,4169573,4,2014/7/6 21:38,24,蛏干高蛋白，不应多吃。,11,4628755
390577,4169575,6,2014/7/6 21:42,24,这主要决定你自身的胰岛功能、饮食控制和运动的情况。,25,4575904
390596,4169581,7,2014/7/6 21:49,24, 只要主食、脂肪和蛋白质合理摄入就行。,19,4628755
390593,4171316,10,2014/7/7 17:25,24, 你优泌林70/30不能停，注射胰岛素就不需要再用促泌剂格列美脲了，如果晚餐后二小时血糖正常而空腹血糖偏高，可睡前再加服一颗二甲双胍，或可用二甲双胍缓释片。,78,4575904
390593,4171316,11,2014/7/7 17:25,24, 你优泌林70/30不能停，注射胰岛素就不需要再用促泌剂格列美脲了，如果晚餐后二小时血糖正常而空腹血糖偏高，可睡前再加服一颗二甲双胍，或可用二甲双胍缓释片。,78,4575904
390593,4171553,13,2014/7/7 20:14,24, 老顽童008不是也很认真地在论坛上与糖友们交流。,25,4575904
390751,4171733,3,2014/7/7 21:40,24,以后请不要将这类帖子发在二型论坛，二型论坛提倡糖尿病用西医正规治疗控制，有关中医的内容请发在中医养生版块。,53,4579070
390753,4172142,10,2014/7/8 8:54,24,可考虑用点二甲双胍。,10,4123227
390831,4172824,5,2014/7/8 14:24,24,最重要是查一下眼底，糖尿病最怕视网膜病变。,21,3780969
390862,4173538,4,2014/7/8 20:33,24,应该看含糖量。,7,3780969
390803,4173546,12,2014/7/8 20:37,24,花生受潮会产生黄曲霉，是致癌物。,16,4290840
390765,4175017,4,2014/7/9 16:06,24,"空间不足 空间不足.JPG (11.32 KB, 下载次数: 33) 下载附件 ?保存到相册 2014-7-9 16:06 上传",64,3780969
390765,4175129,6,2014/7/9 17:04,24, 没有，我只下几个软件，1G还不到。,18,3780969
390765,4175447,8,2014/7/9 21:05,24, 谢谢，原来是这样，我不用手机上网。,18,3780969
390931,4175924,9,2014/7/10 9:28,24,查的就是比值，尿微量白蛋白/尿肌酐 <30mg/g，不是很正常吗。,33,3780969
391033,4175938,6,2014/7/10 9:31,24,荞麦、苦荞麦、燕麦升糖慢，用豆浆机打了消化吸收就变快了。,28,4579070
391033,4175964,9,2014/7/10 9:41,24, 是的，一小时低二小时高就是升糖慢。,18,4579070
390916,4175973,25,2014/7/10 9:45,24,“胰岛素都没用了”这骗子水平太低了。,18,4323988
391033,4175979,13,2014/7/10 9:49,24, 粗粮升糖慢，有可能餐二比餐一高，“餐一比餐二高，但餐三能降到空腹”就好了。,38,4579070
391081,4176890,5,2014/7/10 16:54,24,2个单位优泌乐与不打差不多，中饭后2H血糖为13.3太高了。 优泌乐作用时间短，2H血糖那么高引起低血糖的可能性很小。,59,4579070
391179,4178712,6,2014/7/11 14:58,24,论坛今天有点慢,7,4290840
391203,4179214,3,2014/7/11 21:02,24,服法和剂量应相同，肠溶片可预防胃部不适。,20,3780969
391202,4179229,10,2014/7/11 21:20,24, 体检表真详细，而且价格低廉。 空腹血糖偏高24mg/dl 糖化血红蛋白偏高1.9% 很可以了。,48,4575904
391202,4179238,12,2014/7/11 21:26,24,还是共产党好，现在贪官污吏越查越多、越查越大，台湾为什么不查呢？,32,4575904
391202,4179251,14,2014/7/11 21:34,24," 不高，没看清 捕获2.JPG (13.35 KB, 下载次数: 69) 下载附件 ?保存到相册 2014-7-11 21:34 上传",67,4575904
391218,4179263,5,2014/7/11 21:43,24,餐前血糖正常吗，你明天测一天三餐前和后二小时血糖。,25,4628755
391202,4179265,16,2014/7/11 21:46,24, 这里3.9-6.1mmol/L。,17,4575904
391374,4182186,2,2014/7/13 15:01,24,空腹5.8很好，餐后稍高一点，饮食控制努力一下。,24,4575904
391360,4182202,6,2014/7/13 15:06,24,你诺和平什么时间注射的？,12,4575904
391374,4182206,8,2014/7/13 15:08,24, 你用什么药，何时服用？,12,4575904
391374,4182265,14,2014/7/13 15:30,24, 诺和龙控制餐后血糖作用很好，拜糖平也是控制餐后血糖的，你可根据餐后血糖自行调节，使二小时血糖控制在8左右就好了。,57,4575904
391356,4182269,8,2014/7/13 15:33,24,如果有问题，应该有短信通知你的。,16,3780969
391370,4182319,22,2014/7/13 15:54,24,国内还没有普遍地垃圾分类,12,4575904
391374,4182651,20,2014/7/13 19:22,24, 餐后二小时血糖在10以内可用拜唐苹。,19,4575904
391413,4183047,3,2014/7/13 22:38,24,空腹6.0很好，下次吃西瓜时测一下血糖，在6以下才可吃一点。,30,4579070
391489,4184364,5,2014/7/14 15:34,24, 每天30R32U还是继续注射胰岛素为好，带泵的胰岛素带在身上也没问题。,36,3780969
391489,4184605,23,2014/7/14 16:59,24, 知道你用笔，我是说用泵的人胰岛素一天到晚戴在身上也没问题。,30,3780969
391525,4184987,3,2014/7/14 20:54,24,你应将诺和锐30 改用速效诺和锐，或可服用速效促泌剂诺和龙。,30,4579070
391533,4185003,2,2014/7/14 20:58,24,正常饮食就行了，没有必要吃这种东西，特别有肾损害的人。,27,4290840
583889,4947229,6,2015/4/22 8:36,1,国产血糖仪现在基本几块钱一个。,15,3780969
583943,4948058,,2015/4/22 15:27,1,还是打胰岛素靠谱点。,10,3780969
583974,4948365,3,2015/4/22 17:16,1,做眼底检查很方便，1-2个小时就搞定了。而且几十块钱吧。,28,4575904
584140,4950328,6,2015/4/23 16:03,1,我觉得没必要那么纠结，看你长期体重，以及血糖。,23,4575904
584171,4950848,3,2015/4/23 20:01,1,让食物消化吸收慢。,9,4575904
584344,4953538,,2015/4/25 7:13,1,苹果手机卖了。,7,4323988
584836,4957918,3,2015/4/27 6:50,1,防水墙自动处理，已经恢复。,13,4290840
584784,4957931,6,2015/4/27 7:11,1,APP Store 里面搜 甜蜜糖尿病 搜索不到么？,26,4290840
584936,4960448,29,2015/4/27 22:25,1,孩子还是自己的种好。??别人的种，万一将来你想不开怎么办。 遗传只是概率事件。男的概率比较小。,47,3780969
585199,4960463,3,2015/4/27 22:30,1,我觉得没那么严重。当然怀孕对血糖控制是个挑战。 你将来是不是糖尿病跟这个孩子关系不大。,43,3780969
585200,4960465,2,2015/4/27 22:30,1,生死有命，富贵在天。,10,4123227
585197,4960468,5,2015/4/27 22:31,1,比你年轻的女性DM很多。想开就好了。,18,3780969
585190,4960474,12,2015/4/27 22:32,1,怀疑就查查下肢血管情况。 有可能跟糖尿病有关系。,24,3780969
585204,4960489,2,2015/4/27 22:38,1,1型应该是基本没胰岛功能才对呀。,16,3780969
585171,4960491,4,2015/4/27 22:39,1,你从应用市场上下呢？搜索“甜蜜糖尿病”,19,4290840
585218,4960749,2,2015/4/28 7:22,1,这种说法应该是没什么根据的。,14,3780969
585218,4960751,3,2015/4/28 7:24,1,糖尿病让节育环“失灵” 2008年03月05日 人体有一种叫纤维蛋白的物质，对育龄女性来说，它是受精卵成功植入子宫腔不可缺少的物质。人体一旦缺乏这种纤维蛋白物质，就难以受孕。放置节育环后，能把生殖道内的纤维蛋白破坏掉，这样就使受精卵不能着床，从而起到避孕作用。但对于患有糖尿病的女性，放置节育环后，其体内的纤维蛋白仍能参与受精卵在子宫腔内的着床过程，从而导致避孕失败。研究还发现，女性糖尿病患者体内的节育环上，有大量的硫和氯化物的沉淀物存在，这类物质对节育环有较强的腐蚀作用，节育环长时间受到腐蚀后，阻碍受孕的作用就会降低。 专家建议，采取避孕措施时，患有糖尿病的女性应向医生告知病情，在医生指导下选择适宜的避孕方法。 ?? 但是没听说过 戴节育环会导致糖尿病。,331,3780969
585339,4962466,2,2015/4/28 17:41,1,什么手机？从哪个APP市场上下载？,17,4323988
585344,4962534,3,2015/4/28 18:08,1,空腹血糖这么高，不太合常理。??你没有治疗么？,23,3780969
585353,4962762,8,2015/4/28 20:13,1,想一想人都是要死的。没有那么严重。 不过出现尿微量蛋白异常要引起重视。,35,4123227
585740,4966938,3,2015/4/30 18:06,1,身体对原来的高血糖有记忆。,13,3780969
177716,4967587,257,2015/4/30 23:20,1,老师问：你约了心仪的女孩子吃晚餐，当你要上厕所时，该怎麼礼貌地说？同学A：我去撇个尿！老师：这一点都不礼貌。同学B：我去上个厕所，等等回来。老师：嗯，这个不错，但还有更礼貌的。同学C：容我离开一下。我去跟一个好朋友见个面。如果可以的话，我更希望今天晚上有机会介绍他给你认识。。。,139,4290840
587406,4980650,2,2015/5/7 8:36,1,油饼，油条，总的来说不是很健康，不建议多吃。,22,4628755
587416,4980882,14,2015/5/7 10:24,1,现在跟过去不一样。??占了更多地，也未必更好。 典型的香港，新加坡，台湾。弹丸之地，要是让大家移民，大家还不是削尖脑袋。,60,3780969
587416,4980922,20,2015/5/7 10:36,1,想一想，香港若是一直在我们手里，也就是个深圳而已，割给了英国，虽然屈辱，现在看也未必是坏事。,46,3780969
587538,4982514,,2015/5/7 21:59,1,若血糖仪准确的话，我觉得血糖控制的太低了。并不好。 低血糖比高血糖危害更大。,38,4628755
587358,4982522,13,2015/5/7 22:02,1,祝早日要上宝宝。,8,4575904
587692,4984185,2,2015/5/8 17:21,1,两个是不同指标。你的补基础知识了。,17,3780969
590205,4991824,3,2015/5/11 13:15,1,录入的数值不对 对结果有影响。??动态需要自己测的值校准。 动态主要是看血糖变化的趋势。,44,3780969
590592,4993672,10,2015/5/11 21:12,1,传输数据用的。不是所有的DM家都有WIFI的。,23,3780969
591563,4995229,3,2015/5/12 9:21,1,美女，你用的啥手机？,10,3780969
591630,4995346,,2015/5/12 9:58,1,支持中医，跟反对中医是多大屁点的事情。,19,3780969
591642,4995391,9,2015/5/12 10:09,1,我好像一直没做过这个测试。??,15,3780969
594978,5005097,2,2015/5/14 17:16,1,算不是那个又异常，那几个异常的指标似乎没太大意义。,25,4575904
366034,3726700,5,2014/1/1 15:28,24,因为糖尿病人受损的胰島功能很难完全恢复，所以如果你血糖稳定正常是在服用药物的基础上取得的就不可以停用。,51,4323988
366209,3729320,6,2014/1/2 16:31,24,格华止降餐后血糖作用较弱，而拜糖平只是延缓葡萄糖的吸收，如果你脂肪和蛋白质类食物吃得多了，可引起3小时血糖偏高，偶然一次血糖的波动问题不大，只要不是经常。,77,4579070
366202,3729344,6,2014/1/2 16:40,24,你早注射的诺和锐30中有70%中效控制午餐后血糖，如果午餐后血糖偏高，可看医生加服拜糖平或诺和龙。 体重日渐超标饮食控制和运动应加强，也可加服二甲双胍，如果血糖偏低，可减少锐30的量。,92,4575904
366174,3729383,2,2014/1/2 16:50,24,不要用二个血糖仪对比，越比越揪心。 血糖仪应去医院与生化血糖对比一下，知道误差率就可以了，对比时血糖仪仍用指血，这很重要。,61,4575904
366282,3730875,2,2014/1/3 10:59,24,偶然一次血糖的变化原因很多的，不必太在意。,21,4575904
366271,3730894,7,2014/1/3 11:04,24,“初步结论是血管出了问题”有那么严重吗？,20,4579070
366282,3731276,6,2014/1/3 13:14,24, 你每天只早餐前6U锐30，可改为一天一次长效胰島素，如果餐后血糖偏高可用点诺和龙（小剂量），供你参考。,52,4575904
364210,3734555,13,2014/1/4 21:18,24, 这样高的血糖应该打胰島素，血糖控制正常后根据每天胰島素的用量再作调整。,36,4323988
366368,3735745,58,2014/1/5 13:19,24," 注意你很久了，你的“另外一片蓝天”正常人是看不到的，警告一下，以免落得个禁言的下场！ 进我的qq我告诉你.JPG (26.68 KB, 下载次数: 0) 下载附件 ?保存到相册 2014-1-5 13:19 上传",107,3780969
366552,3736633,2,2014/1/5 19:57,24,单“生点气”餐后2小时血糖不会14 的。,20,3780969
366712,3739606,4,2014/1/6 22:17,24,首先，血糖仪不能作为诊断标准， 如要分析自身的胰島功能，必须去医院查喝葡萄糖水的5次血糖、胰島素和C-肽值，共15个数值。 如果你现在血糖控制正常后就别再测了。,80,4323988
366626,3739622,20,2014/1/6 22:25,24,图片下次请发“影音好图”或“旅游摄影”版块,21,4579070
366703,3739670,7,2014/1/6 22:40,24, 是赖诺普利胶囊吧，沙坦类比较安全，但如果你没有干咳也可继续服用， 如果单一用药效果不好，可另加其他降压药。,54,3780969
366724,3739674,3,2014/1/6 22:42,24,图片请发在影音好图版块。,12,4123227
366855,3742411,5,2014/1/7 21:26,24,主要区别在于30%是短效和速效的问题。,19,3780969
366868,3742419,2,2014/1/7 21:29,24,指标很正常，但应保持体重，不应太瘦。,18,3780969
366868,3742435,7,2014/1/7 21:35,24, 好的，但裸奔不应以过度饮食控制和运动来实现。,23,3780969
366868,3742580,17,2014/1/7 22:26,24, 因为你身体偏瘦，应保持体重，所以不应过度节食和运动。,27,3780969
366870,3742628,3,2014/1/7 22:47,24,已经回复你了，没看到还是不明白？ http://bbs.tnbz.com/thread-366712-1-1.html,59,4579070
366790,3743705,21,2014/1/8 13:10,24, 你不用害怕，宝宝得糖尿病的概率是很小的，你空腹血糖可以，就是餐后稍高，必要时可看医生餐时打几个单位速效胰島素。,56,3780969
366932,3743739,10,2014/1/8 13:30,24,“吃饭总是不控制”装泵也无用，装泵饮食控制也应加强。 血糖高了泵又不会自动加量，必须加强血糖监测手动追加。,53,3780969
366947,3743752,2,2014/1/8 13:34,24,“又是米又有糖”而且消化吸收快升糖指数当然高。,23,4628755
366790,3744472,27,2014/1/8 17:35,24, 糖尿病现在大多是初期发现的，逆转的人的确也有。,24,3780969
350766,3744479,8,2014/1/8 17:37,24, 那就可以。,6,3780969
366968,3744557,5,2014/1/8 18:29,24,再加二个字：骗人！,9,4323988
102321,3744575,6,2014/1/8 18:44,24,曝光控制得很好，锐化过了点，不错！,17,4628755
366896,3744635,7,2014/1/8 19:14,24," 老虎拍得很好，帮你修改一下。 04021488wk82xosz36nsn6x.jpg (394.73 KB, 下载次数: 1) 下载附件 ?保存到相册 2014-1-8 19:13 上传",94,4575904
366896,3744993,11,2014/1/8 21:13,24, 慢慢学，可装个光影魔术手，编辑一下效果就不同了。,25,4575904
367014,3745480,3,2014/1/9 8:57,24,空腹血糖应该比晚饭后2小时低，是不是胰岛功能变差应看其体情况，不过你打诺和灵可调整剂量。,44,4323988
29908,3745498,17,2014/1/9 9:01,24,糖尿病人生育对男性没有特别要求，糖尿病有一定的遗传因素，但概率是很低的。,36,3780969
367203,3748478,12,2014/1/10 10:24,24,这个早就看到过，似真？似假？ http://yao.dxy.cn/article/44697?keywords=口服胰岛素ORMD-0801,70,4575904
367218,3748652,2,2014/1/10 11:04,24,既然你自己停药了，饮食控制和运动必须定时定量，如果血糖还偏高就必须用药，因为高血糖对身体的伤害最大！,50,4579070
367176,3748758,8,2014/1/10 11:30,24,3门冬+来得时是控制血糖最有效的方法，一天二次门冬30效果很差，根据你的病情最好继续。,43,4575904
367218,3748883,4,2014/1/10 12:08,24, 肝功能不全应慎用口服药。,13,4579070
367244,3749149,5,2014/1/10 13:40,24,糖尿病有一定的遗传因素，但后天良好的生活习惯可防止糖尿病的发生，等你儿子长大后，糖尿病很可能会治愈了。,51,3780969
367261,3749510,10,2014/1/10 15:43,24,血糖忽高忽低不稳定主要还是饮食控制每天必须定时定量， 米饭或馒头都可以吃，但量应控制在半斤米或面粉的量，早一两、午和晚各二两， 另每天可2-3两肉或鱼、一个蛋，新鲜蔬菜可以多吃点，但定时定量最重要！ 并做好空腹和三餐后二小时血糖的监测，调整胰島素的量，必要时再加点口服药控制好血糖。,141,4575904
367084,3749556,42,2014/1/10 15:57,24,白细胞弱阳性，上次是1个+多久了？有炎症，医生怎么说？,27,3780969
367084,3749652,45,2014/1/10 16:32,24, 尿白细胞说明有炎症，时间久了应引起重视。,21,3780969
367301,3749973,2,2014/1/10 19:07,24,为什么要喝这种东西，纯牛奶不好？,16,4323988
367084,3750174,49,2014/1/10 20:13,24, 男性如果久未好查一下前列腺。,15,3780969
367296,3750218,2,2014/1/10 20:26,24,你为什么要吃这药？医生让你吃的？,16,3780969
367309,3750230,19,2014/1/10 20:32,24,如果你注射诺和锐，餐后2h血糖控制在8左右就可以了。,26,3780969
367021,3750283,17,2014/1/10 20:55,24, 尼康18-140MM价廉物美，再配个长焦就行了。,25,4575904
367315,3750355,11,2014/1/10 21:14,24,吃粥消化吸收快、升糖也快，但降糖也快，合理搭配，吃粥可再吃个蛋。,32,4123227
367356,3751877,11,2014/1/11 16:13,24, 血糖仪不能作为诊断标准，如果你没有明确诊断，建议去医院测个OGTT。 空腹血糖测得越迟就越高，如果是糖尿病人，你的血糖控制得很好了，没有必要这样折腾。,76,4575904
367391,3751882,2,2014/1/11 16:16,24,天下糖友是一家，欢迎交流。,13,3780969
367364,3751959,15,2014/1/11 17:03,24,你发现脂肪肝多久了，减肥引起营养不良也会发生脂肪肝。,26,4575904
367400,3751983,3,2014/1/11 17:15,24,你平时空腹和三餐后二小时血糖是多少，9.4是晚餐前？,26,4579070
367400,3752162,6,2014/1/11 18:36,24, “午餐后在7.5以内，晚餐前升到9.4”你测一下午餐后3-4小时是否比二小时高，因阿卡波糖只是延缓葡萄糖吸收，必要时可调整一下用药。,67,4579070
367406,3752197,3,2014/1/11 18:47,24,天冷血压是难控制些，早上服药血压就下降，到14:30就上升了，药物作用时间不长，只有看医生改用缓释片或增加用药剂量。,58,4290840
367413,3752207,2,2014/1/11 18:51,24,祝早日康复。,6,4628755
367412,3752212,3,2014/1/11 18:53,24,没有必要吃这种东西。,10,3780969
367412,3752234,7,2014/1/11 19:01,24, “碳水化合物含量会减少”热量就不够，还不是很快就餓了。,28,3780969
367412,3752270,12,2014/1/11 19:15,24, 那是，粗粮可提高饱腹感。,13,3780969
367309,3752305,26,2014/1/11 19:29,24, 我记得孕妇餐后2小时血糖控制7.8就行了，现在又变了。,28,3780969
367406,3752435,5,2014/1/11 20:10,24, 你的降压药不是早晨一次服用的？,16,4290840
367467,3753458,8,2014/1/12 12:04,24,"可惜燒成这样了 167365198.jpg (56.18 KB, 下载次数: 0) 下载附件 ?保存到相册 2014-1-12 12:04 上传",72,4323988
367469,3753473,3,2014/1/12 12:15,24,降血糖只有西药有效，中药能降糖的一定是偷加西药的，你何不直接用西药呢？,35,4323988
367468,3753487,4,2014/1/12 12:26,24,空腹血糖正常，“早餐后9点多有时更高”可增加早餐30R的量，使早餐后二小时血糖控制在8以内，午饭后血糖一般也可以下降一点。? ?,64,3780969
367489,3754311,7,2014/1/12 19:59,24,糖尿病人高血压，沙坦类（或普利类）是首选：你服厄贝沙坦，我服缬沙坦； 控制不好可加地平类：你服氨氯地平，我服非洛地平缓释片； 血压还高只有另加：你服卡维地洛我服倍他乐克。 其体用药请咨询医生。,96,3780969
367489,3754326,9,2014/1/12 20:02,24, 是呀，冬天寒冷，这个血压真难控制,17,3780969
367400,3755357,8,2014/1/13 10:05,24, 也可改用其他药物。,10,4579070
367524,3755428,6,2014/1/13 10:24,24,今天好点了吧，裸奔身体的其他因素对血糖影响更为敏感。,26,4323988
367581,3755688,3,2014/1/13 11:26,24,价格相差不少吧。,8,4575904
367584,3755697,2,2014/1/13 11:28,24,适合你的才是最好的。,10,3780969
367585,3755708,2,2014/1/13 11:30,24,你妈妈身高体重是多少，现在空腹和三餐后二小时血糖其体是多少？,30,4123227
367581,3755724,10,2014/1/13 11:35,24, “感觉跟二甲效果差不多”,13,4575904
367585,3755835,7,2014/1/13 12:10,24, 你好，你妈妈体重正常，格华止对餐后血糖控制作用较小，如果餐后血糖在10以上可看医生加服拜糖平，餐后血糖下降后空腹也会改善。,62,4123227
367599,3755860,2,2014/1/13 12:20,24,半年要7，8千？太贵了，值得怀疑,16,4575904
367590,3755866,3,2014/1/13 12:22,24,你可估算一下：http://bbs.tnbz.com/tnbjs.php,36,4290840
367601,3755921,3,2014/1/13 12:45,24,你打什么胰島素，测一下晚餐前血糖是多少。,20,4579070
367599,3755925,11,2014/1/13 12:48,24, 单人輔导，专业营养师应该是可以的，还应看你的经济条件。,28,4575904
367602,3755943,3,2014/1/13 12:53,24,现在每天早上打6个单位什么胰岛素，一般可以停用改为口服药。,29,3780969
367602,3756319,25,2014/1/13 14:54,24, 停用胰島素后你爸爸口服的用药量应该很少的，也许不用药也可以。,31,3780969
367601,3756335,6,2014/1/13 14:58,24, 你好，一天四针如果经常这样，你可晚餐前多打2个单位甘舒霖R试试。,33,4579070
367599,3756351,13,2014/1/13 15:02,24, 为什么没有人，就是太贵了。,14,4575904
367400,3757683,10,2014/1/14 9:03,24, 可以考虑。,6,4579070
367683,3757698,5,2014/1/14 9:07,24,为什么要昨天抽血、今天化验呢，如果血液保存在医院里就问题不大。,31,4575904
367699,3757708,10,2014/1/14 9:12,24,171cm主食每天不应少于6两，脂肪和蛋白质也必须按比例摄入。,31,3780969
367655,3757718,17,2014/1/14 9:19,24, 那到不是，这是用药剂量和作用时间的问题，如果一天一次缓释片能控制好全天血糖就可用缓释片，如果二次以上一般就不用缓释了。,60,4575904
367400,3757756,12,2014/1/14 9:31,24, 你好，合理用药控制好血糖才能更好地保护自身的胰島功能。,28,4579070
367400,3757784,14,2014/1/14 9:44,24, 如果血糖控制不好就应该调整用药量或换药。,21,4579070
367725,3757795,4,2014/1/14 9:47,24,如果久未好转可看一下神经科。,14,4290840
367655,3758221,26,2014/1/14 12:31,    , 如果一天四片格华止晚上根本不需要服缓释片。,22,4575904
367699,3758255,20,2014/1/14 12:49,24, 早饭应该计算在内，必要时看医主将安立泽改为促泌剂，糖尿病人宜有氧运动，足球赛、篮球赛如果感觉累可少参加。,53,3780969
367699,3758262,22,2014/1/14 12:53,24, 是的，可以将安立泽改为格列美脲。,17,3780969
367755,3758264,2,2014/1/14 12:55,24,依帕司他主治糖尿病神经病变。,14,4323988
367655,3758857,38,2014/1/14 16:33,24, 二甲双胍不单是改善胰岛素抵抗的，二甲双胍具有多种作用机制，包括延缓葡萄糖由胃肠道的摄取，通过提高胰岛素的敏感性而增加外周葡萄糖的利用，以及抑制肝、肾过度的糖原异生。,83,4575904
367922,3761659,7,2014/1/15 18:33,24,没有长效混合胰岛素，是长效胰岛素吧？ 看来早晨的长效胰岛素控制不了餐后血糖，而且主食不吃是错误的，应看医生调整用药，一般可一天一次长效胰岛素的基础上，餐后血糖偏高再加点口服药。,88,4575904
367858,3761673,19,2014/1/15 18:45,24,还是先减少来得时2U，如果空腹血糖正常就行了，如果空腹血糖更高那是量不够。,37,3780969
367956,3761804,2,2014/1/15 20:06,24,不用药饮食控制和运动定时定量尤为重要，运动宜在餐后半小时进行，如果血糖偏低可减少散步时间。,45,4575904
367922,3762738,13,2014/1/16 10:18,24, 原来是短、中效预混诺和灵30R，早餐后二小时血糖偏高可增加早餐时30R的量，使早餐后二小时血糖控制在8左右 还应防止早、午餐之间低血糖，如果血糖偏低可吃点水果 午餐二小时血糖偏高只有另用点口服药。,99,4575904
367970,3762749,8,2014/1/16 10:21,24,确诊就测了个空腹血糖，没做其他检测？,18,4575904
367838,3762763,9,2014/1/16 10:26,24,你身体偏瘦了，而且血糖偏高一点，还是看医生用点药为好。,27,4575904
368049,3763500,11,2014/1/16 15:43,24,餐后三小时一般应达到空腹水平，如果体重再下降应看医生换药。,29,3780969
368041,3763617,6,2014/1/16 16:10,24,2#说得很对：“糖尿病人血压保持在130/80以下”，如果最近经常偏高，天冷也是原因，必要时看医生用点西药控制一下。,58,4123227
368065,3763656,3,2014/1/16 16:19,24,都在参考值内，很好。,10,4575904
368049,3763990,24,2014/1/16 18:52,24, 那也可以了，要防止体重再下降。,16,3780969
368065,3764918,19,2014/1/17 8:59,24, 上面检测甘油三酯、高密度脂蛋白、低密度脂蛋白和总胆固醇是血脂检测，尿素氮、尿酸、肌酐和胱抑素C是肾功能检测和反映肾小球过滤率的。,65,4575904
368183,3766058,4,2014/1/17 15:54,24,你打来得时空腹和餐后血糖正常吗？医生将来得时换门冬什么胰島素。,31,3780969
368183,3766382,12,2014/1/17 17:56,24, 来得时控制餐后是比较困难，餐后只能用点口服药。 医生让你换一天二次门冬30？,39,3780969
368173,3766416,4,2014/1/17 18:07,24,优泌乐25控制餐后血糖的速效只有25%，所以早、午餐后血糖会偏高，晚餐可能是中效重叠的原因。,46,4579070
368203,3766480,2,2014/1/17 18:35,24,三餐后二小时呢？,8,4575904
368272,3768371,13,2014/1/18 17:10,24,“打了3个月胰岛素，吃了3个月捷诺维”胰島素分泌稍不足，还得继续用药。,35,4575904
368272,3768376,14,2014/1/18 17:11,24, 糖化很好是在用药的基础上达到的。,17,4575904
368288,3768386,7,2014/1/18 17:16,24,注射胰島素身体偏瘦适当多吃点、多打点。,19,3780969
368267,3768401,6,2014/1/18 17:24,24,男性生育对降糖药没有特殊要求，你可咨询医生。,22,3780969
368313,3768520,4,2014/1/18 19:00,24,你身高体重是多少，40分钟跑步或游泳运动强度很大了，如果午餐后4小时血糖经常8.9 ，还是用点药为好。,51,3780969
368393,3769917,3,2014/1/19 14:08,24,诺和灵30R午餐只是中效控制，如果午餐后血糖偏高只有用点口服药。,32,3780969
368390,3769949,10,2014/1/19 14:22,24,每天三次格列美脲加五颗卡博平没有見过这样用药的，见你治疗方案“优泌乐25早12晚??”，晚是多少，现在血糖正常了吗？,58,3780969
368393,3769956,7,2014/1/19 14:25,24, 午餐吃得晚了还可能低血糖。,14,3780969
368183,3771506,26,2014/1/20 11:21,24, 一天二次门冬30控制效果比来得时有效，特别是餐后血糖。,28,3780969
368390,3771526,27,2014/1/20 11:27,24, “优泌乐25早16晚12血糖还不错”为什么要停用呢，如果血糖偏低可减少剂量。,39,3780969
368472,3771547,11,2014/1/20 11:34,24,糖尿病人就是要过平淡的生活，保持身体健康。,21,3780969
368483,3771555,4,2014/1/20 11:35,24,有点夸张了,5,4290840
368486,3771565,2,2014/1/20 11:38,24,天热血糖是容易控制，但你能长久住海南。,19,3780969
368390,3772362,34,2014/1/20 17:10,24, “工作性质”早餐前不能打针？,15,3780969
368527,3772380,4,2014/1/20 17:19,24,各人情况不同，控制方法也不同，你可介绍一下病情，以方便交流。,30,3780969
368390,3772708,38,2014/1/20 20:13,24, 你的胰島功能较差了，单用长效格列美脲是控制不了血糖的，应该三餐用短效药控制，最好注射胰島素。,47,3780969
368541,3772720,4,2014/1/20 20:18,24,最主要是测个胰島功能，再查个生化全套。,19,4290840
368533,3772747,18,2014/1/20 20:26,24, 你真会灌水。,7,4575904
368390,3772796,41,2014/1/20 20:45,24, 你餐后血糖偏高，胰島素分泌不足伴分泌滞后，应该用短效或速效药控制，争取胰岛功能有所恢复。,45,3780969
368183,3773721,37,2014/1/21 11:29,24, 来得时是长效，胰岛功能较差的人是控制不了餐后血糖的，二次预混至少早、晚餐由R控制，作用強多了！,48,3780969
368390,3773727,44,2014/1/21 11:34,24, 方案有一天二次锐30，或一天三次短效或速效、睡前打中、长效，其体用药请听医生的。,41,3780969
368649,3774340,6,2014/1/21 16:23,24,“血糖空腹15.36，餐后20.46”太高了，一般应住院了，二甲双胍缓释片、格列美脲恐控制不了血糖。,50,4575904
368316,3774401,17,2014/1/21 16:41,24,主要还是看血糖峰值与低谷。,13,4575904
368682,3774822,6,2014/1/21 20:18,24,应查尿微量蛋白、肌酐清除率。,14,3780969
368728,3775885,2,2014/1/22 11:40,24,如果你每天服二次可在早、晚餐各服一次。,19,3780969
368728,3775904,3,2014/1/22 11:50,24, 不用根据吃饭时间，你早、晚各一次就行了。,21,3780969
368725,3775909,3,2014/1/22 11:52,24,有可能是飢餓的原因。,10,3780969
368841,3778044,7,2014/1/23 11:04,24, 因为你的药对餐后高血糖控制作用较弱，如果你体重继续下降就应看医生换药。,36,3780969
368929,3779331,4,2014/1/23 20:42,24,一天吃一次一般可服二甲双胍缓释片。,17,3780969
368921,3779345,7,2014/1/23 20:49,24,如果饮食控制不是太严、体重直线下降应看医生换药，主要应先将二甲双胍改成其他药物。,40,4575904
303578,3780382,22,2014/1/24 13:35,24, 二甲要看情况，拜糖萍可以停。,15,4290840
303578,3780423,24,2014/1/24 13:49,24, 早餐后三小时到午餐前都有发生低血糖的可能。,22,4575904
369007,3780547,7,2014/1/24 14:20,24,空腹血糖9.3-10，餐后血糖你测过吗？ 二甲双胍适合身体肥胖的人服用，初服可能有胃肠道反应，习惯后就会好的。 现在问题是你服二甲双胍餐后二小时血糖能否控制在8左右。 准备要宝宝必须看医生使用胰島素，但你不用害怕，其实打针不痛而且很方便的。,120,4123227
369007,3781321,24,2014/1/24 19:40,24, 血糖还可以，最好能在8左右。,15,4123227
369062,3781611,6,2014/1/24 22:02,24, 你不用那样说，你主要就是为来得时和格列美脲来论坛的，是不是托大家心里都明白。,39,3780969
369062,3781626,7,2014/1/24 22:06,24,亚莫利主控空腹、餐后稍高也可兼顾，单是餐后高用诺和龙。,27,3780969
368952,3781638,5,2014/1/24 22:12,24, 如果－天一次格列齐特缓释片能控制好全天血糖，就不用注射胰島素。 磺脲类药物一般是要求餐前半小时服用。,51,4575904
369062,3781657,9,2014/1/24 22:19,24,“祸害人民群众”你可以揭露，我在你的帖子里早就对你说了。,28,3780969
369062,3781838,10,2014/1/25 0:33,24,“祸害人民群众” http://bbs.tnbz.com/thread-368559-10-1.html,52,3780969
369074,3781839,2,2014/1/25 0:36,24,你太敏感了。,6,3780969
369059,3781840,5,2014/1/25 0:38,24,你是糖尿病人？用药了吗，血糖控制可好？,19,4323988
369108,3782481,2,2014/1/25 12:40,24,可能你对低血糖敏感性差或血糖仪有误差。,19,3780969
369106,3782492,19,2014/1/25 12:48,24,平时空腹血糖6.1-6.6之间很可以了，但体检抽血时间较晚，受黎明现象的影响你的血糖可能要偏高，你应监测8-9时的血糖看是多少，必要时应另采取措施。,74,4575904
369106,3782524,23,2014/1/25 13:16,24, 血糖还可以，当然还应再降一点，医院抽血大概也在这一时间内吧，血糖仪与医院的生化血糖对比过吗。,47,4575904
369096,3782541,8,2014/1/25 13:27,24,注射胰島素控制好血糖，尿蛋白会逆转的，你血压、血脂正常否？早餐前血糖5.9、午餐前血糖7.0、晚餐前血糖6.4餐前血糖也可以了，但你应测一下三餐后二小时血糖是多少。,82,4575904
369096,3782714,11,2014/1/25 15:41,24, 好的，你的注射方案是医生定的，空腹和餐前没有低血糖，而且用量较少，可以继续这样注射，晚餐后2小时血糖8.9是有点高，可看医生调整一下。,68,4575904
369096,3782747,13,2014/1/25 16:00,24, “原来频发的午餐前低血糖反映也没了”，你是否减少了早餐前胰島素的用量。,36,4575904
369096,3782763,14,2014/1/25 16:06,24,一天二针预混午餐前很可能低血糖，必须适当加餐，而午餐是2-3小时前就起效的中效控制，血糖偏高很普遍，有些人必须另加口服药。,61,4575904
368963,3783077,6,2014/1/25 18:54,24,你先测一下午餐前血糖是多少。,14,4575904
368963,3783088,8,2014/1/25 19:00,24, 谢谢，看到了。,8,4575904
369173,3783854,6,2014/1/26 9:19,24,血糖仪只能作参考，与医院对比知道误差率就可以了。,24,4123227
369162,3783856,4,2014/1/26 9:21,24,你餐后血糖是多少，最好测一下糖化血红蛋白。,21,4290840
369140,3783908,8,2014/1/26 9:42,24, 你瑞易宁服多久了，每天一次5mg用药量不大，换胰島素前空腹和餐后血糖是多少，一般36U锐30应该可控制好血糖。 如果空腹血糖正常，早餐、中餐都偏高，只能以每次增加2U进行调整，做好血糖监测，并注意早餐三小时后低血糖，身体偏胖二甲双胍应继续服用。,123,4290840
369204,3784595,3,2014/1/26 16:02,24, 磺脲类有短效、中效和长效，你应看医生对症用药。,24,3780969
369204,3784710,6,2014/1/26 16:45,24,身高175，体重58公斤太瘦了，光靠运动难于保持体重。,27,3780969
369221,3785035,12,2014/1/26 19:59,24,这样的东西各地电视台都在做,13,3780969
